time;vehicle__angle;vehicle__id;vehicle__lane;vehicle__pos;vehicle__slope;vehicle__speed;vehicle__type;vehicle__x;vehicle__y
0.00;121.23;t_0;-80518211#2_0;5.10;0.00;0.00;DEFAULT_VEHTYPE;13.348095;42.364209
;14.35;t_1;-691972043#0_0;5.10;0.00;0.00;DEFAULT_VEHTYPE;13.346500;42.368920
1.00;121.23;t_0;-80518211#2_0;6.85;0.00;1.75;DEFAULT_VEHTYPE;13.348113;42.364201
;11.07;t_1;-691972043#0_0;7.48;0.00;2.38;DEFAULT_VEHTYPE;13.346505;42.368941
2.00;118.74;t_0;-80518211#2_0;10.51;0.00;3.66;DEFAULT_VEHTYPE;13.348153;42.364187
;8.26;t_1;-691972043#0_0;11.74;0.00;4.27;DEFAULT_VEHTYPE;13.346511;42.368979
3.00;116.61;t_0;-80518211#2_0;16.25;0.00;5.75;DEFAULT_VEHTYPE;13.348216;42.364164
;2.31;t_1;-691972043#0_0;18.08;0.00;6.34;DEFAULT_VEHTYPE;13.346513;42.369036
4.00;113.88;t_0;-80518211#2_0;23.58;0.00;7.33;DEFAULT_VEHTYPE;13.348297;42.364138
;357.45;t_1;-691972043#0_0;25.92;0.00;7.84;DEFAULT_VEHTYPE;13.346509;42.369107
5.00;113.39;t_0;-80518211#2_0;32.51;0.00;8.92;DEFAULT_VEHTYPE;13.348397;42.364108
;357.45;t_1;-691972043#0_0;35.36;0.00;9.44;DEFAULT_VEHTYPE;13.346501;42.369192
6.00;113.46;t_0;:5931907266_6_0;0.61;0.00;11.01;DEFAULT_VEHTYPE;13.348521;42.364070
;357.45;t_1;-691972043#0_0;46.56;0.00;11.20;DEFAULT_VEHTYPE;13.346493;42.369292
7.00;114.66;t_0;-80518211#1_0;3.98;0.00;13.03;DEFAULT_VEHTYPE;13.348667;42.364024
;357.45;t_1;-691972043#0_0;58.41;0.00;11.85;DEFAULT_VEHTYPE;13.346484;42.369399
8.00;114.83;t_0;-80518211#1_0;19.60;0.00;15.63;DEFAULT_VEHTYPE;13.348840;42.363967
;357.45;t_1;-691972043#0_0;70.55;0.00;12.14;DEFAULT_VEHTYPE;13.346474;42.369508
9.00;114.83;t_0;-80518211#1_0;37.43;0.00;17.82;DEFAULT_VEHTYPE;13.349038;42.363903
;357.45;t_1;-691972043#0_0;82.42;0.00;11.87;DEFAULT_VEHTYPE;13.346465;42.369614
10.00;118.10;t_0;-80518211#1_0;56.93;0.00;19.50;DEFAULT_VEHTYPE;13.349253;42.363828
;357.45;t_1;-691972043#0_0;94.81;0.00;12.39;DEFAULT_VEHTYPE;13.346455;42.369726
11.00;124.08;t_0;-80518211#0_0;9.95;0.00;21.25;DEFAULT_VEHTYPE;13.349471;42.363726
;357.45;t_1;-691972043#0_0;107.51;0.00;12.70;DEFAULT_VEHTYPE;13.346446;42.369840
12.00;128.77;t_0;-80518211#0_0;32.64;0.00;22.69;DEFAULT_VEHTYPE;13.349691;42.363603
;357.45;t_1;-691972043#0_0;119.81;0.00;12.30;DEFAULT_VEHTYPE;13.346436;42.369950
13.00;133.01;t_0;-80518211#0_0;57.01;0.00;24.37;DEFAULT_VEHTYPE;13.349916;42.363461
;357.45;t_1;-691972043#0_0;132.69;0.00;12.88;DEFAULT_VEHTYPE;13.346426;42.370066
14.00;139.13;t_0;-80518211#0_0;83.91;0.00;26.91;DEFAULT_VEHTYPE;13.350149;42.363292
;357.45;t_1;-691972043#0_0;145.29;0.00;12.59;DEFAULT_VEHTYPE;13.346416;42.370179
15.00;145.50;t_0;-80518211#0_0;112.72;0.00;28.81;DEFAULT_VEHTYPE;13.350370;42.363091
;5.78;t_1;-691972043#0_0;157.11;0.00;11.83;DEFAULT_VEHTYPE;13.346422;42.370285
16.00;153.99;t_0;-80518211#0_0;141.40;0.00;28.68;DEFAULT_VEHTYPE;13.350531;42.362863
;13.64;t_1;-691972043#0_0;168.89;0.00;11.77;DEFAULT_VEHTYPE;13.346445;42.370390
17.00;153.99;t_0;-80518211#0_0;170.79;0.00;29.39;DEFAULT_VEHTYPE;13.350694;42.362627
;23.01;t_1;-691972043#0_0;181.64;0.00;12.76;DEFAULT_VEHTYPE;13.346494;42.370499
18.00;156.31;t_0;-80518211#0_0;199.27;0.00;28.48;DEFAULT_VEHTYPE;13.350841;42.362395
;28.98;t_1;-691972043#0_0;193.62;0.00;11.97;DEFAULT_VEHTYPE;13.346559;42.370595
19.00;156.31;t_0;-80518211#0_0;228.40;0.00;29.13;DEFAULT_VEHTYPE;13.350989;42.362157
;34.67;t_1;-691972043#0_0;205.44;0.00;11.83;DEFAULT_VEHTYPE;13.346637;42.370684
20.00;160.45;t_0;-80518211#0_0;257.14;0.00;28.74;DEFAULT_VEHTYPE;13.351121;42.361918
;34.67;t_1;-691972043#0_0;218.32;0.00;12.88;DEFAULT_VEHTYPE;13.346723;42.370781
21.00;164.29;t_0;-80518211#0_0;285.61;0.00;28.48;DEFAULT_VEHTYPE;13.351238;42.361676
;34.67;t_1;-691972043#0_0;230.27;0.00;11.95;DEFAULT_VEHTYPE;13.346804;42.370870
22.00;166.32;t_0;-80518211#0_0;315.05;0.00;29.44;DEFAULT_VEHTYPE;13.351339;42.361422
;34.67;t_1;-691972043#0_0;243.00;0.00;12.73;DEFAULT_VEHTYPE;13.346889;42.370966
23.00;166.49;t_0;-80518211#0_0;343.62;0.00;28.57;DEFAULT_VEHTYPE;13.351427;42.361173
;34.67;t_1;-691972043#0_0;255.78;0.00;12.78;DEFAULT_VEHTYPE;13.346975;42.371062
24.00;165.78;t_0;-80518211#0_0;372.46;0.00;28.84;DEFAULT_VEHTYPE;13.351519;42.360923
;35.73;t_1;-691972043#0_0;268.80;0.00;13.02;DEFAULT_VEHTYPE;13.347064;42.371158
25.00;165.78;t_0;-80518211#0_0;401.32;0.00;28.86;DEFAULT_VEHTYPE;13.351611;42.360672
;35.73;t_1;-691972043#0_0;281.54;0.00;12.75;DEFAULT_VEHTYPE;13.347152;42.371253
26.00;165.78;t_0;-80518211#0_0;430.03;0.00;28.71;DEFAULT_VEHTYPE;13.351703;42.360423
;39.04;t_1;-691972043#0_0;294.24;0.00;12.70;DEFAULT_VEHTYPE;13.347246;42.371344
27.00;165.78;t_0;-80518211#0_0;459.14;0.00;29.10;DEFAULT_VEHTYPE;13.351797;42.360170
;39.04;t_1;-691972043#0_0;306.32;0.00;12.08;DEFAULT_VEHTYPE;13.347337;42.371429
28.00;165.78;t_0;-80518211#0_0;484.76;0.00;25.63;DEFAULT_VEHTYPE;13.351879;42.359948
;41.75;t_1;-691972043#0_0;319.33;0.00;13.01;DEFAULT_VEHTYPE;13.347439;42.371519
29.00;166.86;t_0;-80518211#0_0;505.89;0.00;21.13;DEFAULT_VEHTYPE;13.351945;42.359764
;41.75;t_1;-691972043#0_0;332.19;0.00;12.86;DEFAULT_VEHTYPE;13.347540;42.371607
30.00;165.66;t_0;-80518211#0_0;522.52;0.00;16.63;DEFAULT_VEHTYPE;13.351998;42.359619
;43.81;t_1;-691972043#0_0;344.50;0.00;12.31;DEFAULT_VEHTYPE;13.347640;42.371689
31.00;162.25;t_0;-80518211#0_0;534.64;0.00;12.13;DEFAULT_VEHTYPE;13.352044;42.359515
;43.81;t_1;-691972043#0_0;357.50;0.00;13.00;DEFAULT_VEHTYPE;13.347747;42.371775
32.00;160.93;t_0;-80518211#0_0;542.60;0.00;7.96;DEFAULT_VEHTYPE;13.352077;42.359448
;43.81;t_1;-691972043#0_0;369.70;0.00;12.20;DEFAULT_VEHTYPE;13.347848;42.371856
33.00;117.76;t_0;:6178104283_0_0;3.40;0.00;3.46;DEFAULT_VEHTYPE;13.352110;42.359447
;43.81;t_1;-691972043#0_0;382.48;0.00;12.78;DEFAULT_VEHTYPE;13.347953;42.371940
34.00;14.68;t_0;80518211#0_0;1.99;0.00;3.26;DEFAULT_VEHTYPE;13.352105;42.359474
;43.81;t_1;-691972043#0_0;394.93;0.00;12.45;DEFAULT_VEHTYPE;13.348055;42.372023
35.00;340.91;t_0;80518211#0_0;7.83;0.00;5.84;DEFAULT_VEHTYPE;13.352081;42.359524
;43.81;t_1;-691972043#0_0;407.75;0.00;12.82;DEFAULT_VEHTYPE;13.348161;42.372108
36.00;343.37;t_0;80518211#0_0;16.21;0.00;8.37;DEFAULT_VEHTYPE;13.352049;42.359595
;43.81;t_1;-691972043#0_0;420.32;0.00;12.57;DEFAULT_VEHTYPE;13.348265;42.372191
37.00;345.90;t_0;80518211#0_0;27.09;0.00;10.89;DEFAULT_VEHTYPE;13.352012;42.359689
;43.86;t_1;-691972043#0_0;432.11;0.00;11.79;DEFAULT_VEHTYPE;13.348362;42.372269
38.00;346.86;t_0;80518211#0_0;40.56;0.00;13.46;DEFAULT_VEHTYPE;13.351970;42.359807
;44.83;t_1;-691972043#0_0;444.24;0.00;12.13;DEFAULT_VEHTYPE;13.348463;42.372348
39.00;345.78;t_0;80518211#0_0;56.25;0.00;15.70;DEFAULT_VEHTYPE;13.351921;42.359943
;48.29;t_1;-691972043#0_0;456.51;0.00;12.27;DEFAULT_VEHTYPE;13.348569;42.372425
40.00;345.78;t_0;80518211#0_0;73.48;0.00;17.23;DEFAULT_VEHTYPE;13.351866;42.360093
;50.44;t_1;-691972043#0_0;469.17;0.00;12.66;DEFAULT_VEHTYPE;13.348685;42.372500
41.00;345.78;t_0;80518211#0_0;92.38;0.00;18.89;DEFAULT_VEHTYPE;13.351805;42.360257
;50.44;t_1;-691972043#0_0;482.06;0.00;12.89;DEFAULT_VEHTYPE;13.348804;42.372576
42.00;345.78;t_0;80518211#0_0;112.85;0.00;20.47;DEFAULT_VEHTYPE;13.351739;42.360435
;50.44;t_1;-691972043#0_0;492.23;0.00;10.17;DEFAULT_VEHTYPE;13.348898;42.372635
43.00;345.78;t_0;80518211#0_0;135.54;0.00;22.69;DEFAULT_VEHTYPE;13.351666;42.360632
;50.44;t_1;-691972043#0_0;498.91;0.00;6.67;DEFAULT_VEHTYPE;13.348959;42.372675
44.00;345.78;t_0;80518211#0_0;160.65;0.00;25.11;DEFAULT_VEHTYPE;13.351586;42.360850
;43.54;t_1;:6176554343_0_0;1.06;0.00;2.32;DEFAULT_VEHTYPE;13.348974;42.372691
45.00;345.78;t_0;80518211#0_0;187.58;0.00;26.94;DEFAULT_VEHTYPE;13.351499;42.361084
;12.62;t_1;:6176554343_0_0;3.19;0.00;2.13;DEFAULT_VEHTYPE;13.348963;42.372705
46.00;346.48;t_0;80518211#0_0;216.58;0.00;28.99;DEFAULT_VEHTYPE;13.351410;42.361336
;291.72;t_1;691972043#0_0;1.00;0.00;2.48;DEFAULT_VEHTYPE;13.348936;42.372698
47.00;344.31;t_0;80518211#0_0;244.85;0.00;28.27;DEFAULT_VEHTYPE;13.351317;42.361581
;230.45;t_1;691972043#0_0;5.70;0.00;4.70;DEFAULT_VEHTYPE;13.348893;42.372670
48.00;340.44;t_0;80518211#0_0;273.24;0.00;28.39;DEFAULT_VEHTYPE;13.351211;42.361824
;230.45;t_1;691972043#0_0;12.91;0.00;7.21;DEFAULT_VEHTYPE;13.348827;42.372628
49.00;340.44;t_0;80518211#0_0;302.38;0.00;29.15;DEFAULT_VEHTYPE;13.351086;42.362070
;230.45;t_1;691972043#0_0;22.46;0.00;9.55;DEFAULT_VEHTYPE;13.348739;42.372572
50.00;336.30;t_0;80518211#0_0;331.00;0.00;28.62;DEFAULT_VEHTYPE;13.350941;42.362304
;230.45;t_1;691972043#0_0;34.30;0.00;11.84;DEFAULT_VEHTYPE;13.348630;42.372503
51.00;337.29;t_0;80518211#0_0;360.23;0.00;29.22;DEFAULT_VEHTYPE;13.350794;42.362543
;229.22;t_1;691972043#0_0;47.07;0.00;12.76;DEFAULT_VEHTYPE;13.348513;42.372427
52.00;333.99;t_0;80518211#0_0;389.31;0.00;29.08;DEFAULT_VEHTYPE;13.350634;42.362777
;224.91;t_1;691972043#0_0;59.31;0.00;12.25;DEFAULT_VEHTYPE;13.348409;42.372348
53.00;333.99;t_0;80518211#0_0;418.34;0.00;29.03;DEFAULT_VEHTYPE;13.350473;42.363009
;224.10;t_1;691972043#0_0;71.11;0.00;11.79;DEFAULT_VEHTYPE;13.348311;42.372271
54.00;321.35;t_0;80518211#0_0;446.84;0.00;28.51;DEFAULT_VEHTYPE;13.350285;42.363224
;223.81;t_1;691972043#0_0;83.28;0.00;12.18;DEFAULT_VEHTYPE;13.348211;42.372190
55.00;313.02;t_0;80518211#0_0;476.15;0.00;29.31;DEFAULT_VEHTYPE;13.350042;42.363416
;223.81;t_1;691972043#0_0;95.09;0.00;11.81;DEFAULT_VEHTYPE;13.348114;42.372112
56.00;311.77;t_0;80518211#0_0;505.14;0.00;28.99;DEFAULT_VEHTYPE;13.349779;42.363590
;223.81;t_1;691972043#0_0;107.66;0.00;12.57;DEFAULT_VEHTYPE;13.348010;42.372029
57.00;305.05;t_0;80518211#0_0;534.51;0.00;29.37;DEFAULT_VEHTYPE;13.349494;42.363749
;223.81;t_1;691972043#0_0;120.33;0.00;12.68;DEFAULT_VEHTYPE;13.347906;42.371945
58.00;298.07;t_0;80518211#1_0;9.37;0.00;28.99;DEFAULT_VEHTYPE;13.349193;42.363883
;223.81;t_1;691972043#0_0;132.91;0.00;12.57;DEFAULT_VEHTYPE;13.347802;42.371862
59.00;294.84;t_0;80518211#1_0;37.89;0.00;28.51;DEFAULT_VEHTYPE;13.348877;42.363987
;223.81;t_1;691972043#0_0;145.41;0.00;12.50;DEFAULT_VEHTYPE;13.347699;42.371779
60.00;293.99;t_0;:5931907266_0_0;7.28;0.00;28.74;DEFAULT_VEHTYPE;13.348557;42.364090
;223.81;t_1;691972043#0_0;157.58;0.00;12.18;DEFAULT_VEHTYPE;13.347599;42.371698
61.00;295.41;t_0;80518211#2_0;26.64;0.00;29.09;DEFAULT_VEHTYPE;13.348231;42.364191
;221.73;t_1;691972043#0_0;169.80;0.00;12.21;DEFAULT_VEHTYPE;13.347500;42.371616
62.00;305.02;t_0;80518211#3_0;4.04;0.00;28.94;DEFAULT_VEHTYPE;13.347927;42.364321
;221.73;t_1;691972043#0_0;181.86;0.00;12.06;DEFAULT_VEHTYPE;13.347405;42.371534
63.00;307.75;t_0;:5931907277_0_0;5.73;0.00;28.74;DEFAULT_VEHTYPE;13.347644;42.364473
;220.44;t_1;691972043#0_0;194.85;0.00;12.99;DEFAULT_VEHTYPE;13.347303;42.371444
64.00;307.74;t_0;80518211#4_0;24.97;0.00;28.64;DEFAULT_VEHTYPE;13.347365;42.364627
;219.03;t_1;691972043#0_0;207.46;0.00;12.61;DEFAULT_VEHTYPE;13.347209;42.371355
65.00;307.74;t_0;80518211#4_0;53.94;0.00;28.97;DEFAULT_VEHTYPE;13.347083;42.364782
;218.17;t_1;691972043#0_0;219.34;0.00;11.88;DEFAULT_VEHTYPE;13.347121;42.371270
66.00;301.29;t_0;80518211#4_0;82.55;0.00;28.61;DEFAULT_VEHTYPE;13.346794;42.364925
;215.76;t_1;691972043#0_0;232.34;0.00;13.00;DEFAULT_VEHTYPE;13.347031;42.371174
67.00;300.04;t_0;:5279479964_0_0;5.33;0.00;29.18;DEFAULT_VEHTYPE;13.346487;42.365056
;215.64;t_1;691972043#0_0;244.70;0.00;12.36;DEFAULT_VEHTYPE;13.346946;42.371082
68.00;297.02;t_0;:5279479979_0_0;0.31;0.00;28.60;DEFAULT_VEHTYPE;13.346176;42.365171
;214.67;t_1;691972043#0_0;257.18;0.00;12.48;DEFAULT_VEHTYPE;13.346863;42.370989
69.00;320.08;t_0;252654758_0;16.26;0.00;26.03;DEFAULT_VEHTYPE;13.345959;42.365339
;214.67;t_1;691972043#0_0;269.77;0.00;12.60;DEFAULT_VEHTYPE;13.346778;42.370894
70.00;354.25;t_0;:2586973275_0_0;11.15;0.00;23.14;DEFAULT_VEHTYPE;13.345858;42.365531
;214.67;t_1;691972043#0_0;281.54;0.00;11.76;DEFAULT_VEHTYPE;13.346699;42.370806
71.00;6.96;t_0;833955731_0;18.15;0.00;18.64;DEFAULT_VEHTYPE;13.345866;42.365698
;214.67;t_1;691972043#0_0;294.01;0.00;12.47;DEFAULT_VEHTYPE;13.346615;42.370712
72.00;6.32;t_0;-833955737#3_0;13.59;0.00;14.14;DEFAULT_VEHTYPE;13.345882;42.365824
;214.67;t_1;691972043#0_0;306.09;0.00;12.09;DEFAULT_VEHTYPE;13.346534;42.370622
73.00;5.86;t_0;:2586973303_3_0;8.75;0.00;14.51;DEFAULT_VEHTYPE;13.345897;42.365955
;208.28;t_1;691972043#0_0;317.97;0.00;11.88;DEFAULT_VEHTYPE;13.346467;42.370527
74.00;5.44;t_0;-833955737#2_0;8.73;0.00;14.48;DEFAULT_VEHTYPE;13.345911;42.366085
;198.97;t_1;691972043#0_0;330.50;0.00;12.53;DEFAULT_VEHTYPE;13.346415;42.370421
75.00;5.44;t_0;-833955737#2_0;22.83;0.00;14.10;DEFAULT_VEHTYPE;13.345924;42.366211
;189.99;t_1;691972043#0_0;342.64;0.00;12.14;DEFAULT_VEHTYPE;13.346387;42.370314
76.00;5.44;t_0;-833955737#2_0;36.68;0.00;13.85;DEFAULT_VEHTYPE;13.345936;42.366336
;183.89;t_1;691972043#0_0;355.62;0.00;12.98;DEFAULT_VEHTYPE;13.346376;42.370198
77.00;5.44;t_0;-833955737#2_0;50.69;0.00;14.02;DEFAULT_VEHTYPE;13.345949;42.366461
;177.46;t_1;691972043#0_0;368.59;0.00;12.97;DEFAULT_VEHTYPE;13.346386;42.370081
78.00;5.35;t_0;:2700298469_3_0;12.74;0.00;14.30;DEFAULT_VEHTYPE;13.345962;42.366590
;177.46;t_1;691972043#0_0;380.39;0.00;11.80;DEFAULT_VEHTYPE;13.346395;42.369975
79.00;5.24;t_0;-833955737#1_0;11.62;0.00;13.46;DEFAULT_VEHTYPE;13.345974;42.366711
;177.46;t_1;691972043#0_0;392.90;0.00;12.51;DEFAULT_VEHTYPE;13.346405;42.369863
80.00;359.32;t_0;-833955737#1_0;26.20;0.00;14.58;DEFAULT_VEHTYPE;13.345979;42.366842
;177.46;t_1;691972043#0_0;404.68;0.00;11.78;DEFAULT_VEHTYPE;13.346414;42.369757
81.00;352.00;t_0;-833955737#1_0;40.90;0.00;14.70;DEFAULT_VEHTYPE;13.345966;42.366973
;177.46;t_1;691972043#0_0;417.57;0.00;12.89;DEFAULT_VEHTYPE;13.346424;42.369641
82.00;347.16;t_0;-833955737#1_0;55.31;0.00;14.41;DEFAULT_VEHTYPE;13.345928;42.367100
;177.46;t_1;691972043#0_0;430.58;0.00;13.02;DEFAULT_VEHTYPE;13.346434;42.369524
83.00;339.68;t_0;-833955737#1_0;69.26;0.00;13.95;DEFAULT_VEHTYPE;13.345867;42.367217
;177.46;t_1;691972043#0_0;443.42;0.00;12.83;DEFAULT_VEHTYPE;13.346444;42.369409
84.00;335.71;t_0;-833955737#1_0;83.86;0.00;14.60;DEFAULT_VEHTYPE;13.345791;42.367336
;177.46;t_1;691972043#0_0;456.15;0.00;12.73;DEFAULT_VEHTYPE;13.346454;42.369294
85.00;331.59;t_0;-833955737#1_0;98.22;0.00;14.36;DEFAULT_VEHTYPE;13.345708;42.367450
;177.46;t_1;691972043#0_0;467.97;0.00;11.82;DEFAULT_VEHTYPE;13.346463;42.369188
86.00;331.59;t_0;-833955737#1_0;112.76;0.00;14.54;DEFAULT_VEHTYPE;13.345621;42.367563
;177.46;t_1;691972043#0_0;479.79;0.00;11.82;DEFAULT_VEHTYPE;13.346472;42.369082
87.00;323.66;t_0;-833955737#1_0;126.79;0.00;14.03;DEFAULT_VEHTYPE;13.345528;42.367669
;182.28;t_1;691972043#0_0;492.21;0.00;12.42;DEFAULT_VEHTYPE;13.346472;42.368970
88.00;318.53;t_0;-833955737#1_0;141.18;0.00;14.39;DEFAULT_VEHTYPE;13.345417;42.367769
;201.00;t_1;:6182363417_0_0;3.08;0.00;12.62;DEFAULT_VEHTYPE;13.346436;42.368860
89.00;318.53;t_0;-833955737#1_0;155.85;0.00;14.67;DEFAULT_VEHTYPE;13.345296;42.367866
;209.03;t_1;691972043#1_0;1.22;0.00;12.58;DEFAULT_VEHTYPE;13.346370;42.368758
90.00;333.88;t_0;-833955737#1_0;169.59;0.00;13.74;DEFAULT_VEHTYPE;13.345201;42.367966
;227.65;t_1;691972043#1_0;14.10;0.00;12.88;DEFAULT_VEHTYPE;13.346270;42.368670
91.00;3.75;t_0;:5279479995_0_0;9.14;0.00;12.93;DEFAULT_VEHTYPE;13.345174;42.368079
;237.21;t_1;691972043#1_0;26.11;0.00;12.02;DEFAULT_VEHTYPE;13.346152;42.368606
92.00;33.74;t_0;:5325968287_2_0;1.32;0.00;8.43;DEFAULT_VEHTYPE;13.345212;42.368146
;242.01;t_1;:5315561892_0_0;5.98;0.00;10.98;DEFAULT_VEHTYPE;13.346038;42.368555
93.00;44.95;t_0;:308784903_1_0;1.18;0.00;10.65;DEFAULT_VEHTYPE;13.345299;42.368217
;237.62;t_1;:310036764_1_0;2.52;0.00;6.48;DEFAULT_VEHTYPE;13.345972;42.368524
94.00;62.63;t_0;-92426124_0;8.04;0.00;13.20;DEFAULT_VEHTYPE;13.345434;42.368278
;207.66;t_1;:310036764_6_0;5.35;0.00;7.49;DEFAULT_VEHTYPE;13.345922;42.368470
95.00;62.63;t_0;-92426124_0;22.74;0.00;14.70;DEFAULT_VEHTYPE;13.345591;42.368342
;167.56;t_1;592469820_0;0.86;0.00;7.80;DEFAULT_VEHTYPE;13.345932;42.368402
96.00;63.03;t_0;-598946971_0;0.90;0.00;13.51;DEFAULT_VEHTYPE;13.345735;42.368399
;151.62;t_1;592469820_0;7.40;0.00;6.55;DEFAULT_VEHTYPE;13.345969;42.368350
97.00;101.77;t_0;:5315561903_2_0;7.41;0.00;9.14;DEFAULT_VEHTYPE;13.345842;42.368402
;147.21;t_1;:5315561887_2_0;1.46;0.00;8.19;DEFAULT_VEHTYPE;13.346023;42.368288
98.00;128.74;t_0;:5315561906_0_0;5.89;0.00;9.71;DEFAULT_VEHTYPE;13.345940;42.368355
;159.19;t_1;833955770#0_0;7.20;0.00;9.83;DEFAULT_VEHTYPE;13.346068;42.368206
99.00;140.79;t_0;:5315561887_2_0;0.81;0.00;9.49;DEFAULT_VEHTYPE;13.346019;42.368293
;155.60;t_1;833955770#0_0;18.44;0.00;11.24;DEFAULT_VEHTYPE;13.346123;42.368113
100.00;159.19;t_0;833955770#0_0;7.95;0.00;11.22;DEFAULT_VEHTYPE;13.346071;42.368200
;146.55;t_1;833955770#0_0;30.41;0.00;11.97;DEFAULT_VEHTYPE;13.346199;42.368021
101.00;154.67;t_0;833955770#0_0;20.26;0.00;12.31;DEFAULT_VEHTYPE;13.346133;42.368099
;140.18;t_1;833955770#0_0;42.47;0.00;12.06;DEFAULT_VEHTYPE;13.346291;42.367937
102.00;145.86;t_0;833955770#0_0;32.29;0.00;12.04;DEFAULT_VEHTYPE;13.346212;42.368008
;135.55;t_1;833955770#0_0;55.02;0.00;12.55;DEFAULT_VEHTYPE;13.346397;42.367856
103.00;139.53;t_0;833955770#0_0;45.46;0.00;13.16;DEFAULT_VEHTYPE;13.346315;42.367917
;132.25;t_1;833955770#0_0;67.13;0.00;12.11;DEFAULT_VEHTYPE;13.346505;42.367783
104.00;135.55;t_0;833955770#0_0;56.95;0.00;11.50;DEFAULT_VEHTYPE;13.346414;42.367844
;129.27;t_1;833955770#0_0;79.23;0.00;12.10;DEFAULT_VEHTYPE;13.346620;42.367714
105.00;132.25;t_0;833955770#0_0;68.65;0.00;11.70;DEFAULT_VEHTYPE;13.346519;42.367774
;126.20;t_1;833955770#0_0;92.12;0.00;12.89;DEFAULT_VEHTYPE;13.346746;42.367646
106.00;129.27;t_0;833955770#0_0;81.62;0.00;12.96;DEFAULT_VEHTYPE;13.346643;42.367701
;122.47;t_1;833955770#0_0;104.85;0.00;12.73;DEFAULT_VEHTYPE;13.346877;42.367585
107.00;125.12;t_0;833955770#0_0;95.00;0.00;13.38;DEFAULT_VEHTYPE;13.346776;42.367632
;114.38;t_1;833955770#0_0;117.27;0.00;12.42;DEFAULT_VEHTYPE;13.347012;42.367536
108.00;119.13;t_0;833955770#0_0;108.13;0.00;13.13;DEFAULT_VEHTYPE;13.346912;42.367571
;106.49;t_1;833955770#0_0;130.10;0.00;12.83;DEFAULT_VEHTYPE;13.347159;42.367498
109.00;112.25;t_0;833955770#0_0;121.09;0.00;12.96;DEFAULT_VEHTYPE;13.347055;42.367523
;101.78;t_1;833955770#0_0;141.94;0.00;11.84;DEFAULT_VEHTYPE;13.347299;42.367475
110.00;105.06;t_0;833955770#0_0;132.78;0.00;11.68;DEFAULT_VEHTYPE;13.347191;42.367493
;98.64;t_1;833955770#0_0;153.91;0.00;11.97;DEFAULT_VEHTYPE;13.347443;42.367461
111.00;99.06;t_0;833955770#0_0;144.07;0.00;11.29;DEFAULT_VEHTYPE;13.347325;42.367473
;89.92;t_1;833955770#0_0;165.79;0.00;11.89;DEFAULT_VEHTYPE;13.347588;42.367463
112.00;94.58;t_0;833955770#0_0;156.23;0.00;12.16;DEFAULT_VEHTYPE;13.347472;42.367461
;85.52;t_1;833955770#0_0;177.57;0.00;11.77;DEFAULT_VEHTYPE;13.347730;42.367471
113.00;89.92;t_0;833955770#0_0;167.39;0.00;11.16;DEFAULT_VEHTYPE;13.347607;42.367464
;85.52;t_1;833955770#0_0;190.47;0.00;12.90;DEFAULT_VEHTYPE;13.347886;42.367483
114.00;85.52;t_0;833955770#0_0;180.46;0.00;13.07;DEFAULT_VEHTYPE;13.347765;42.367474
;85.52;t_1;833955770#0_0;202.71;0.00;12.25;DEFAULT_VEHTYPE;13.348034;42.367494
115.00;85.52;t_0;833955770#0_0;193.52;0.00;13.06;DEFAULT_VEHTYPE;13.347923;42.367485
;85.52;t_1;833955770#0_0;214.72;0.00;12.00;DEFAULT_VEHTYPE;13.348179;42.367504
116.00;85.52;t_0;833955770#0_0;204.89;0.00;11.36;DEFAULT_VEHTYPE;13.348060;42.367495
;86.23;t_1;833955770#1_0;1.46;0.00;12.64;DEFAULT_VEHTYPE;13.348332;42.367514
117.00;85.61;t_0;:5326878259_5_0;0.80;0.00;12.46;DEFAULT_VEHTYPE;13.348211;42.367506
;86.60;t_1;:5326878258_5_0;1.43;0.00;11.80;DEFAULT_VEHTYPE;13.348475;42.367522
118.00;86.47;t_0;833955770#1_0;3.68;0.00;12.24;DEFAULT_VEHTYPE;13.348359;42.367516
;88.34;t_1;:5973280713_7_0;8.53;0.00;11.81;DEFAULT_VEHTYPE;13.348618;42.367529
119.00;86.58;t_0;:5326878258_5_0;3.38;0.00;11.52;DEFAULT_VEHTYPE;13.348499;42.367524
;89.74;t_1;:310036773_3_0;5.86;0.00;12.95;DEFAULT_VEHTYPE;13.348775;42.367532
120.00;89.21;t_0;:5326878264_3_0;3.27;0.00;13.43;DEFAULT_VEHTYPE;13.348661;42.367529
;90.99;t_1;833955773_0;7.01;0.00;12.02;DEFAULT_VEHTYPE;13.348921;42.367533
121.00;89.74;t_0;:310036773_3_0;8.03;0.00;11.56;DEFAULT_VEHTYPE;13.348802;42.367532
;91.02;t_1;:5326878244_3_0;10.62;0.00;12.29;DEFAULT_VEHTYPE;13.349070;42.367533
122.00;91.00;t_0;:5326878244_3_0;1.46;0.00;12.97;DEFAULT_VEHTYPE;13.348959;42.367533
;90.83;t_1;:6176785655_5_0;4.55;0.00;12.93;DEFAULT_VEHTYPE;13.349227;42.367533
123.00;91.12;t_0;:3634899804_3_0;2.74;0.00;12.74;DEFAULT_VEHTYPE;13.349114;42.367533
;91.50;t_1;833955769#1_0;7.34;0.00;12.16;DEFAULT_VEHTYPE;13.349375;42.367533
124.00;90.92;t_0;:6176785655_5_0;7.93;0.00;12.72;DEFAULT_VEHTYPE;13.349268;42.367533
;91.50;t_1;833955769#1_0;19.09;0.00;11.75;DEFAULT_VEHTYPE;13.349518;42.367532
125.00;91.50;t_0;833955769#1_0;9.64;0.00;11.08;DEFAULT_VEHTYPE;13.349403;42.367533
;91.50;t_1;833955769#1_0;31.40;0.00;12.31;DEFAULT_VEHTYPE;13.349667;42.367531
126.00;91.50;t_0;833955769#1_0;21.68;0.00;12.04;DEFAULT_VEHTYPE;13.349549;42.367532
;91.50;t_1;833955769#1_0;43.86;0.00;12.46;DEFAULT_VEHTYPE;13.349818;42.367531
127.00;91.50;t_0;833955769#1_0;34.45;0.00;12.77;DEFAULT_VEHTYPE;13.349704;42.367531
;91.50;t_1;833955769#1_0;56.58;0.00;12.72;DEFAULT_VEHTYPE;13.349973;42.367530
128.00;91.50;t_0;833955769#1_0;46.93;0.00;12.48;DEFAULT_VEHTYPE;13.349856;42.367530
;91.50;t_1;833955769#1_0;69.50;0.00;12.92;DEFAULT_VEHTYPE;13.350130;42.367529
129.00;91.50;t_0;833955769#1_0;60.22;0.00;13.29;DEFAULT_VEHTYPE;13.350017;42.367530
;89.85;t_1;833955769#1_0;82.12;0.00;12.62;DEFAULT_VEHTYPE;13.350283;42.367530
130.00;91.50;t_0;833955769#1_0;73.41;0.00;13.18;DEFAULT_VEHTYPE;13.350177;42.367529
;89.85;t_1;833955769#1_0;95.04;0.00;12.93;DEFAULT_VEHTYPE;13.350440;42.367533
131.00;89.85;t_0;833955769#1_0;85.92;0.00;12.51;DEFAULT_VEHTYPE;13.350329;42.367531
;89.90;t_1;:3634907977_2_0;8.37;0.00;12.16;DEFAULT_VEHTYPE;13.350587;42.367535
132.00;89.85;t_0;833955769#1_0;97.49;0.00;11.57;DEFAULT_VEHTYPE;13.350469;42.367533
;90.03;t_1;833955769#2_0;2.78;0.00;11.90;DEFAULT_VEHTYPE;13.350732;42.367537
133.00;89.90;t_0;:3634907977_2_0;10.42;0.00;11.76;DEFAULT_VEHTYPE;13.350612;42.367535
;90.13;t_1;833955769#2_0;14.92;0.00;12.15;DEFAULT_VEHTYPE;13.350879;42.367539
134.00;90.13;t_0;833955769#2_0;5.74;0.00;12.81;DEFAULT_VEHTYPE;13.350768;42.367538
;90.13;t_1;833955769#2_0;27.88;0.00;12.96;DEFAULT_VEHTYPE;13.351037;42.367541
135.00;90.13;t_0;833955769#2_0;17.95;0.00;12.22;DEFAULT_VEHTYPE;13.350916;42.367539
;89.30;t_1;833955769#2_0;40.34;0.00;12.46;DEFAULT_VEHTYPE;13.351188;42.367544
136.00;90.13;t_0;833955769#2_0;29.95;0.00;12.00;DEFAULT_VEHTYPE;13.351062;42.367541
;85.94;t_1;833955769#2_0;52.37;0.00;12.03;DEFAULT_VEHTYPE;13.351333;42.367553
137.00;89.30;t_0;833955769#2_0;41.84;0.00;11.89;DEFAULT_VEHTYPE;13.351206;42.367544
;82.48;t_1;833955769#2_0;64.38;0.00;12.02;DEFAULT_VEHTYPE;13.351478;42.367568
138.00;85.65;t_0;833955769#2_0;54.75;0.00;12.91;DEFAULT_VEHTYPE;13.351362;42.367555
;80.85;t_1;:3634906931_2_0;4.95;0.00;11.78;DEFAULT_VEHTYPE;13.351619;42.367586
139.00;81.95;t_0;833955769#2_0;66.92;0.00;12.17;DEFAULT_VEHTYPE;13.351508;42.367572
;80.53;t_1;833955769#3_0;7.38;0.00;12.49;DEFAULT_VEHTYPE;13.351768;42.367607
140.00;80.85;t_0;:3634906931_2_0;7.64;0.00;11.93;DEFAULT_VEHTYPE;13.351651;42.367591
;80.56;t_1;833955769#4_0;1.54;0.00;12.11;DEFAULT_VEHTYPE;13.351912;42.367627
141.00;80.54;t_0;:5973280681_5_0;1.62;0.00;11.88;DEFAULT_VEHTYPE;13.351793;42.367610
;80.58;t_1;833955769#4_0;13.83;0.00;12.28;DEFAULT_VEHTYPE;13.352059;42.367647
142.00;80.58;t_0;833955769#4_0;4.06;0.00;12.56;DEFAULT_VEHTYPE;13.351943;42.367631
;80.22;t_1;683327934_0;8.78;0.00;12.98;DEFAULT_VEHTYPE;13.352214;42.367669
143.00;80.58;t_0;833955769#4_0;16.56;0.00;12.49;DEFAULT_VEHTYPE;13.352092;42.367651
;79.49;t_1;683327934_0;21.42;0.00;12.64;DEFAULT_VEHTYPE;13.352364;42.367691
144.00;80.22;t_0;683327934_0;11.12;0.00;12.59;DEFAULT_VEHTYPE;13.352242;42.367673
;79.23;t_1;686128058#0_0;2.78;0.00;11.80;DEFAULT_VEHTYPE;13.352505;42.367713
145.00;79.49;t_0;683327934_0;23.59;0.00;12.47;DEFAULT_VEHTYPE;13.352390;42.367695
;79.04;t_1;:5807259780_3_0;7.00;0.00;12.90;DEFAULT_VEHTYPE;13.352658;42.367737
146.00;79.12;t_0;686128058#0_0;5.83;0.00;12.68;DEFAULT_VEHTYPE;13.352541;42.367718
;79.02;t_1;686128058#1_0;4.62;0.00;12.04;DEFAULT_VEHTYPE;13.352801;42.367760
147.00;79.04;t_0;:5807259780_3_0;9.09;0.00;11.95;DEFAULT_VEHTYPE;13.352683;42.367741
;78.76;t_1;:2615968732_2_0;4.82;0.00;11.94;DEFAULT_VEHTYPE;13.352943;42.367782
148.00;79.02;t_0;:2452641720_6_0;1.10;0.00;11.82;DEFAULT_VEHTYPE;13.352823;42.367763
;78.64;t_1;686128058#3_0;11.72;0.00;12.91;DEFAULT_VEHTYPE;13.353096;42.367807
149.00;78.73;t_0;686128058#3_0;2.05;0.00;13.30;DEFAULT_VEHTYPE;13.352981;42.367789
;78.64;t_1;686128058#3_0;24.66;0.00;12.94;DEFAULT_VEHTYPE;13.353249;42.367833
150.00;78.64;t_0;686128058#3_0;14.41;0.00;12.36;DEFAULT_VEHTYPE;13.353128;42.367813
;78.64;t_1;686128058#3_0;37.21;0.00;12.55;DEFAULT_VEHTYPE;13.353398;42.367857
151.00;78.64;t_0;686128058#3_0;26.65;0.00;12.23;DEFAULT_VEHTYPE;13.353273;42.367836
;78.64;t_1;686128058#3_0;49.27;0.00;12.06;DEFAULT_VEHTYPE;13.353541;42.367880
152.00;78.64;t_0;686128058#3_0;39.26;0.00;12.61;DEFAULT_VEHTYPE;13.353422;42.367861
;78.64;t_1;686128058#3_0;61.81;0.00;12.54;DEFAULT_VEHTYPE;13.353690;42.367905
153.00;78.64;t_0;686128058#3_0;51.79;0.00;12.53;DEFAULT_VEHTYPE;13.353571;42.367885
;78.64;t_1;686128058#3_0;73.58;0.00;11.77;DEFAULT_VEHTYPE;13.353829;42.367928
154.00;78.64;t_0;686128058#3_0;63.12;0.00;11.33;DEFAULT_VEHTYPE;13.353705;42.367907
;78.64;t_1;686128058#3_0;86.15;0.00;12.56;DEFAULT_VEHTYPE;13.353978;42.367952
155.00;78.64;t_0;686128058#3_0;75.51;0.00;12.39;DEFAULT_VEHTYPE;13.353852;42.367931
;78.64;t_1;686128058#3_0;98.13;0.00;11.98;DEFAULT_VEHTYPE;13.354120;42.367975
156.00;78.64;t_0;686128058#3_0;87.92;0.00;12.41;DEFAULT_VEHTYPE;13.353999;42.367956
;78.64;t_1;686128058#3_0;110.32;0.00;12.19;DEFAULT_VEHTYPE;13.354265;42.367999
157.00;78.64;t_0;686128058#3_0;100.17;0.00;12.25;DEFAULT_VEHTYPE;13.354144;42.367979
;78.64;t_1;686128058#3_0;123.34;0.00;13.02;DEFAULT_VEHTYPE;13.354419;42.368024
158.00;78.64;t_0;686128058#3_0;113.13;0.00;12.96;DEFAULT_VEHTYPE;13.354298;42.368005
;69.81;t_1;80501905_0;2.46;0.00;12.61;DEFAULT_VEHTYPE;13.354564;42.368055
159.00;78.64;t_0;686128058#3_0;126.10;0.00;12.96;DEFAULT_VEHTYPE;13.354452;42.368030
;82.31;t_1;:5326136253_1_0;7.64;0.00;14.60;DEFAULT_VEHTYPE;13.354737;42.368070
160.00;72.91;t_0;80501905_0;6.30;0.00;13.69;DEFAULT_VEHTYPE;13.354607;42.368063
;80.50;t_1;28573309_0;8.98;0.00;12.05;DEFAULT_VEHTYPE;13.354881;42.368091
161.00;79.94;t_0;:5326136253_1_0;9.60;0.00;12.72;DEFAULT_VEHTYPE;13.354760;42.368074
;80.56;t_1;28573309_0;20.75;0.00;11.77;DEFAULT_VEHTYPE;13.355021;42.368110
162.00;80.49;t_0;28573309_0;11.27;0.00;12.38;DEFAULT_VEHTYPE;13.354908;42.368095
;81.42;t_1;28573309_0;32.61;0.00;11.86;DEFAULT_VEHTYPE;13.355163;42.368129
163.00;80.75;t_0;28573309_0;22.55;0.00;11.28;DEFAULT_VEHTYPE;13.355043;42.368113
;87.18;t_1;28573309_0;44.57;0.00;11.96;DEFAULT_VEHTYPE;13.355308;42.368138
164.00;83.15;t_0;28573309_0;34.59;0.00;12.04;DEFAULT_VEHTYPE;13.355187;42.368131
;93.26;t_1;28573309_0;57.24;0.00;12.67;DEFAULT_VEHTYPE;13.355461;42.368137
165.00;88.46;t_0;28573309_0;47.50;0.00;12.91;DEFAULT_VEHTYPE;13.355343;42.368139
;96.41;t_1;28573312_0;7.88;0.00;12.48;DEFAULT_VEHTYPE;13.355612;42.368128
166.00;94.05;t_0;28573309_0;59.75;0.00;12.25;DEFAULT_VEHTYPE;13.355492;42.368136
;96.41;t_1;28573312_0;20.52;0.00;12.63;DEFAULT_VEHTYPE;13.355765;42.368118
167.00;96.41;t_0;28573312_0;10.63;0.00;12.71;DEFAULT_VEHTYPE;13.355646;42.368126
;95.41;t_1;28573313#0_0;2.13;0.00;12.21;DEFAULT_VEHTYPE;13.355913;42.368109
168.00;96.41;t_0;28573312_0;22.41;0.00;11.79;DEFAULT_VEHTYPE;13.355788;42.368116
;94.22;t_1;28573313#0_0;12.54;0.00;10.41;DEFAULT_VEHTYPE;13.356039;42.368103
169.00;95.43;t_0;28573313#0_0;2.09;0.00;10.28;DEFAULT_VEHTYPE;13.355912;42.368109
;92.67;t_1;28573313#0_0;18.55;0.00;6.01;DEFAULT_VEHTYPE;13.356112;42.368102
170.00;94.22;t_0;28573313#0_0;8.57;0.00;6.48;DEFAULT_VEHTYPE;13.355991;42.368105
;90.88;t_1;:313866308_1_0;4.15;0.00;8.22;DEFAULT_VEHTYPE;13.356212;42.368101
171.00;92.98;t_0;28573313#0_0;17.54;0.00;8.98;DEFAULT_VEHTYPE;13.356100;42.368102
;65.85;t_1;28573313#1_0;2.76;0.00;9.68;DEFAULT_VEHTYPE;13.356323;42.368126
172.00;92.66;t_0;28573313#0_0;22.02;0.00;4.48;DEFAULT_VEHTYPE;13.356154;42.368101
;63.35;t_1;28573313#1_0;14.18;0.00;11.42;DEFAULT_VEHTYPE;13.356445;42.368173
173.00;91.28;t_0;:313866308_1_0;5.88;0.00;6.49;DEFAULT_VEHTYPE;13.356233;42.368101
;63.35;t_1;28573313#1_0;26.70;0.00;12.52;DEFAULT_VEHTYPE;13.356580;42.368226
174.00;64.63;t_0;28573313#1_0;3.85;0.00;9.04;DEFAULT_VEHTYPE;13.356334;42.368130
;65.21;t_1;:313866309_0_0;2.14;0.00;12.60;DEFAULT_VEHTYPE;13.356716;42.368278
175.00;63.35;t_0;28573313#1_0;14.86;0.00;11.01;DEFAULT_VEHTYPE;13.356453;42.368176
;91.14;t_1;358584902_0;4.53;0.00;12.10;DEFAULT_VEHTYPE;13.356862;42.368284
176.00;63.35;t_0;28573313#1_0;27.79;0.00;12.93;DEFAULT_VEHTYPE;13.356592;42.368231
;108.98;t_1;358584902_0;17.36;0.00;12.84;DEFAULT_VEHTYPE;13.357014;42.368261
177.00;72.77;t_0;:313866309_0_0;4.74;0.00;14.11;DEFAULT_VEHTYPE;13.356747;42.368283
;119.18;t_1;358584902_0;29.80;0.00;12.44;DEFAULT_VEHTYPE;13.357150;42.368214
178.00;98.47;t_0;358584902_0;9.52;0.00;14.49;DEFAULT_VEHTYPE;13.356922;42.368278
;136.27;t_1;358584902_0;42.59;0.00;12.79;DEFAULT_VEHTYPE;13.357261;42.368134
179.00;114.06;t_0;358584902_0;23.86;0.00;14.34;DEFAULT_VEHTYPE;13.357087;42.368239
;146.36;t_1;-823877524_0;7.14;0.00;12.80;DEFAULT_VEHTYPE;13.357359;42.368045
180.00;136.27;t_0;358584902_0;38.22;0.00;14.36;DEFAULT_VEHTYPE;13.357224;42.368162
;146.36;t_1;-823877524_0;19.57;0.00;12.43;DEFAULT_VEHTYPE;13.357445;42.367953
181.00;145.21;t_0;-823877524_0;4.29;0.00;14.32;DEFAULT_VEHTYPE;13.357339;42.368066
;146.25;t_1;:5885447130_2_0;1.09;0.00;12.18;DEFAULT_VEHTYPE;13.357530;42.367863
182.00;146.36;t_0;-823877524_0;18.69;0.00;14.40;DEFAULT_VEHTYPE;13.357439;42.367959
;145.86;t_1;:5885447130_2_0;13.99;0.00;12.90;DEFAULT_VEHTYPE;13.357620;42.367768
183.00;146.24;t_0;:5885447130_2_0;1.17;0.00;13.14;DEFAULT_VEHTYPE;13.357530;42.367862
;153.96;t_1;:312005542_6_0;10.70;0.00;11.96;DEFAULT_VEHTYPE;13.357698;42.367678
184.00;145.86;t_0;:5885447130_2_0;9.80;0.00;8.64;DEFAULT_VEHTYPE;13.357591;42.367799
;170.89;t_1;:6210885416_1_0;9.30;0.00;12.15;DEFAULT_VEHTYPE;13.357717;42.367570
185.00;145.86;t_0;:5885447130_2_0;14.08;0.00;4.28;DEFAULT_VEHTYPE;13.357621;42.367767
;164.53;t_1;-28404231#2_0;9.65;0.00;11.87;DEFAULT_VEHTYPE;13.357755;42.367467
186.00;103.27;t_0;:312005542_7_0;3.78;0.00;4.94;DEFAULT_VEHTYPE;13.357665;42.367760
;161.64;t_1;-28404231#2_0;22.27;0.00;12.63;DEFAULT_VEHTYPE;13.357805;42.367360
187.00;11.78;t_0;:312005542_7_0;8.85;0.00;5.08;DEFAULT_VEHTYPE;13.357677;42.367804
;161.64;t_1;-28404231#2_0;34.16;0.00;11.88;DEFAULT_VEHTYPE;13.357853;42.367259
188.00;350.00;t_0;:5885447133_0_0;0.41;0.00;5.07;DEFAULT_VEHTYPE;13.357665;42.367849
;161.64;t_1;-28404231#2_0;46.01;0.00;11.85;DEFAULT_VEHTYPE;13.357901;42.367158
189.00;348.34;t_0;:5885447133_0_0;7.27;0.00;6.86;DEFAULT_VEHTYPE;13.357647;42.367909
;161.64;t_1;-28404231#2_0;59.01;0.00;13.00;DEFAULT_VEHTYPE;13.357953;42.367048
190.00;349.27;t_0;823877525_0;6.69;0.00;8.97;DEFAULT_VEHTYPE;13.357624;42.367988
;161.64;t_1;-28404231#2_0;71.97;0.00;12.96;DEFAULT_VEHTYPE;13.358006;42.366938
191.00;350.40;t_0;823877525_0;18.06;0.00;11.37;DEFAULT_VEHTYPE;13.357598;42.368088
;161.64;t_1;-28404231#2_0;83.84;0.00;11.87;DEFAULT_VEHTYPE;13.358054;42.366837
192.00;3.77;t_0;823877525_0;31.17;0.00;13.11;DEFAULT_VEHTYPE;13.357606;42.368206
;161.64;t_1;-28404231#2_0;95.93;0.00;12.09;DEFAULT_VEHTYPE;13.358103;42.366734
193.00;16.52;t_0;823877525_0;45.21;0.00;14.04;DEFAULT_VEHTYPE;13.357636;42.368330
;161.64;t_1;-28404231#2_0;108.56;0.00;12.63;DEFAULT_VEHTYPE;13.358154;42.366627
194.00;29.58;t_0;823877525_0;59.67;0.00;14.46;DEFAULT_VEHTYPE;13.357709;42.368448
;161.64;t_1;-28404231#2_0;120.74;0.00;12.18;DEFAULT_VEHTYPE;13.358203;42.366524
195.00;39.93;t_0;823877525_0;73.49;0.00;13.82;DEFAULT_VEHTYPE;13.357806;42.368549
;161.64;t_1;-28404231#2_0;132.63;0.00;11.90;DEFAULT_VEHTYPE;13.358251;42.366423
196.00;50.48;t_0;823877525_0;87.01;0.00;13.52;DEFAULT_VEHTYPE;13.357924;42.368633
;161.64;t_1;-28404231#2_0;145.36;0.00;12.72;DEFAULT_VEHTYPE;13.358303;42.366315
197.00;57.38;t_0;823877525_0;100.58;0.00;13.57;DEFAULT_VEHTYPE;13.358059;42.368704
;159.06;t_1;:1545212044_6_0;4.74;0.00;12.91;DEFAULT_VEHTYPE;13.358357;42.366206
198.00;71.23;t_0;823877525_0;114.71;0.00;14.13;DEFAULT_VEHTYPE;13.358215;42.368756
;158.11;t_1;-28404231#1_0;4.96;0.00;12.43;DEFAULT_VEHTYPE;13.358415;42.366103
199.00;85.29;t_0;823877525_0;128.20;0.00;13.49;DEFAULT_VEHTYPE;13.358375;42.368778
;158.10;t_1;-28404231#1_0;17.25;0.00;12.29;DEFAULT_VEHTYPE;13.358474;42.366001
200.00;91.86;t_0;823877525_0;137.19;0.00;8.99;DEFAULT_VEHTYPE;13.358485;42.368778
;158.10;t_1;-28404231#1_0;30.22;0.00;12.96;DEFAULT_VEHTYPE;13.358535;42.365893
201.00;93.66;t_0;823877525_0;141.68;0.00;4.49;DEFAULT_VEHTYPE;13.358539;42.368776
;153.14;t_1;-28404231#1_0;42.41;0.00;12.19;DEFAULT_VEHTYPE;13.358598;42.365794
202.00;91.98;t_0;:710465668_3_0;3.86;0.00;5.72;DEFAULT_VEHTYPE;13.358608;42.368775
;153.00;t_1;-28404231#1_0;54.61;0.00;12.20;DEFAULT_VEHTYPE;13.358667;42.365697
203.00;41.33;t_0;:710465668_3_0;9.53;0.00;5.67;DEFAULT_VEHTYPE;13.358646;42.368801
;153.00;t_1;-28404231#1_0;66.92;0.00;12.31;DEFAULT_VEHTYPE;13.358738;42.365599
204.00;312.98;t_0;-542078579_0;1.35;0.00;5.95;DEFAULT_VEHTYPE;13.358594;42.368838
;153.00;t_1;-28404231#1_0;79.81;0.00;12.89;DEFAULT_VEHTYPE;13.358812;42.365497
205.00;307.53;t_0;-542078579_0;9.18;0.00;7.83;DEFAULT_VEHTYPE;13.358517;42.368880
;141.44;t_1;-28404231#1_0;92.20;0.00;12.39;DEFAULT_VEHTYPE;13.358905;42.365410
206.00;289.29;t_0;:6185430980_3_0;0.34;0.00;8.17;DEFAULT_VEHTYPE;13.358429;42.368910
;141.44;t_1;-28404231#1_0;104.72;0.00;12.52;DEFAULT_VEHTYPE;13.359002;42.365323
207.00;309.01;t_0;:6185430980_3_0;8.16;0.00;7.82;DEFAULT_VEHTYPE;13.358349;42.368945
;141.44;t_1;-28404231#1_0;117.12;0.00;12.41;DEFAULT_VEHTYPE;13.359098;42.365237
208.00;312.85;t_0;823877521_0;6.11;0.00;7.48;DEFAULT_VEHTYPE;13.358280;42.368990
;141.44;t_1;-28404231#1_0;128.97;0.00;11.84;DEFAULT_VEHTYPE;13.359190;42.365155
209.00;327.91;t_0;:5654638000_1_0;4.44;0.00;8.27;DEFAULT_VEHTYPE;13.358221;42.369049
;133.53;t_1;-28404231#1_0;140.74;0.00;11.77;DEFAULT_VEHTYPE;13.359296;42.365083
210.00;342.54;t_0;:5654638000_1_0;14.45;0.00;10.01;DEFAULT_VEHTYPE;13.358170;42.369131
;133.53;t_1;-28404231#1_0;153.48;0.00;12.75;DEFAULT_VEHTYPE;13.359410;42.365006
211.00;14.83;t_0;:5654638000_1_0;26.74;0.00;12.29;DEFAULT_VEHTYPE;13.358176;42.369238
;133.53;t_1;-28404231#1_0;166.12;0.00;12.64;DEFAULT_VEHTYPE;13.359523;42.364929
212.00;36.59;t_0;:2451538341_2_0;0.45;0.00;13.97;DEFAULT_VEHTYPE;13.358262;42.369346
;133.53;t_1;-28404231#1_0;178.66;0.00;12.54;DEFAULT_VEHTYPE;13.359635;42.364853
213.00;42.01;t_0;542078581_0;9.81;0.00;14.33;DEFAULT_VEHTYPE;13.358378;42.369442
;129.96;t_1;-28404231#1_0;190.54;0.00;11.87;DEFAULT_VEHTYPE;13.359744;42.364783
214.00;42.01;t_0;542078581_0;23.76;0.00;13.95;DEFAULT_VEHTYPE;13.358489;42.369537
;122.71;t_1;-28404231#1_0;203.14;0.00;12.60;DEFAULT_VEHTYPE;13.359874;42.364724
215.00;42.01;t_0;542078581_0;38.31;0.00;14.55;DEFAULT_VEHTYPE;13.358604;42.369636
;122.71;t_1;-28404231#1_0;215.36;0.00;12.22;DEFAULT_VEHTYPE;13.360001;42.364666
216.00;42.01;t_0;542078581_0;51.92;0.00;13.62;DEFAULT_VEHTYPE;13.358713;42.369729
;122.71;t_1;-28404231#1_0;227.71;0.00;12.35;DEFAULT_VEHTYPE;13.360129;42.364608
217.00;42.01;t_0;542078581_0;66.38;0.00;14.46;DEFAULT_VEHTYPE;13.358828;42.369827
;122.71;t_1;-28404231#1_0;239.92;0.00;12.21;DEFAULT_VEHTYPE;13.360255;42.364550
218.00;42.01;t_0;542078581_0;80.26;0.00;13.88;DEFAULT_VEHTYPE;13.358938;42.369921
;122.71;t_1;-28404231#1_0;252.15;0.00;12.24;DEFAULT_VEHTYPE;13.360381;42.364492
219.00;42.01;t_0;542078581_0;94.52;0.00;14.26;DEFAULT_VEHTYPE;13.359051;42.370018
;122.71;t_1;-28404231#1_0;264.64;0.00;12.49;DEFAULT_VEHTYPE;13.360510;42.364433
220.00;42.01;t_0;542078581_0;108.34;0.00;13.82;DEFAULT_VEHTYPE;13.359161;42.370112
;122.71;t_1;-28404231#1_0;277.05;0.00;12.41;DEFAULT_VEHTYPE;13.360639;42.364375
221.00;42.01;t_0;542078581_0;122.75;0.00;14.41;DEFAULT_VEHTYPE;13.359276;42.370210
;122.71;t_1;-28404231#1_0;289.97;0.00;12.92;DEFAULT_VEHTYPE;13.360772;42.364314
222.00;42.01;t_0;542078581_0;137.16;0.00;14.41;DEFAULT_VEHTYPE;13.359390;42.370309
;122.71;t_1;-28404231#1_0;302.14;0.00;12.17;DEFAULT_VEHTYPE;13.360898;42.364256
223.00;122.71;t_1;-28404231#1_0;314.62;0.00;12.48;DEFAULT_VEHTYPE;13.361027;42.364197
