0.00;t_0;13.343398;42.366839;167.51;DEFAULT_VEHTYPE;0.00;5.10;574968591#0_0;0.00
;t_1;13.340249;42.372377;128.16;DEFAULT_VEHTYPE;0.00;5.10;263827102_0;0.00
;t_2;13.348472;42.364116;293.38;DEFAULT_VEHTYPE;0.00;5.10;80518211#2_0;0.00
;t_3;13.359344;42.370313;222.02;DEFAULT_VEHTYPE;0.00;5.10;-542078581_0;0.00
1.00;t_0;13.343403;42.366824;167.51;DEFAULT_VEHTYPE;1.73;6.83;574968591#0_0;0.00
;t_1;13.340264;42.372368;128.16;DEFAULT_VEHTYPE;1.63;6.73;263827102_0;0.00
;t_2;13.348448;42.364123;293.38;DEFAULT_VEHTYPE;2.10;7.20;80518211#2_0;0.00
;t_3;13.359325;42.370296;222.02;DEFAULT_VEHTYPE;2.47;7.57;-542078581_0;0.00
2.00;t_0;13.343412;42.366796;167.51;DEFAULT_VEHTYPE;3.23;10.06;574968591#0_0;0.00
;t_1;13.340296;42.372350;128.16;DEFAULT_VEHTYPE;3.27;10.00;263827102_0;0.00
;t_2;13.348407;42.364136;293.38;DEFAULT_VEHTYPE;3.71;10.91;80518211#2_0;0.00
;t_3;13.359293;42.370269;222.02;DEFAULT_VEHTYPE;3.99;11.55;-542078581_0;0.00
3.00;t_0;13.343430;42.366745;165.68;DEFAULT_VEHTYPE;5.82;15.88;574968591#0_0;0.00
;t_1;13.340344;42.372323;128.16;DEFAULT_VEHTYPE;5.00;15.00;263827102_0;0.00
;t_2;13.348338;42.364157;293.38;DEFAULT_VEHTYPE;6.06;16.97;80518211#2_0;0.00
;t_3;13.359245;42.370228;222.02;DEFAULT_VEHTYPE;6.04;17.60;-542078581_0;0.00
4.00;t_0;13.343459;42.366675;163.90;DEFAULT_VEHTYPE;8.22;24.10;574968591#0_0;0.00
;t_1;13.340410;42.372286;128.16;DEFAULT_VEHTYPE;6.77;21.76;263827102_0;0.00
;t_2;13.348245;42.364186;294.55;DEFAULT_VEHTYPE;8.32;25.29;80518211#2_0;0.00
;t_3;13.359181;42.370174;222.02;DEFAULT_VEHTYPE;8.00;25.60;-542078581_0;0.00
5.00;t_0;13.343500;42.366585;162.20;DEFAULT_VEHTYPE;10.51;34.61;574968591#0_0;0.00
;t_1;13.340495;42.372239;128.16;DEFAULT_VEHTYPE;8.75;30.51;263827102_0;0.00
;t_2;13.348134;42.364226;297.18;DEFAULT_VEHTYPE;10.15;35.45;80518211#2_0;0.00
;t_3;13.359102;42.370105;222.02;DEFAULT_VEHTYPE;10.04;35.64;-542078581_0;0.00
6.00;t_0;13.343555;42.366476;159.65;DEFAULT_VEHTYPE;12.93;47.53;574968591#0_0;0.00
;t_1;13.340599;42.372181;128.16;DEFAULT_VEHTYPE;10.74;41.25;263827102_0;0.00
;t_2;13.348003;42.364284;303.34;DEFAULT_VEHTYPE;12.64;5.61;:5279479941_0_0;0.00
;t_3;13.359008;42.370026;222.02;DEFAULT_VEHTYPE;11.74;47.38;-542078581_0;0.00
7.00;t_0;13.343639;42.366357;149.77;DEFAULT_VEHTYPE;14.97;62.50;574968591#0_0;0.00
;t_1;13.340710;42.372109;132.39;DEFAULT_VEHTYPE;12.18;53.43;263827102_0;0.00
;t_2;13.347861;42.364355;305.42;DEFAULT_VEHTYPE;14.07;10.62;80518211#3_0;0.00
;t_3;13.358897;42.369930;222.02;DEFAULT_VEHTYPE;14.00;61.37;-542078581_0;0.00
8.00;t_0;13.343765;42.366236;141.70;DEFAULT_VEHTYPE;16.93;79.43;574968591#0_0;0.00
;t_1;13.340818;42.372039;131.74;DEFAULT_VEHTYPE;11.76;65.19;263827102_0;0.00
;t_2;13.347705;42.364440;307.76;DEFAULT_VEHTYPE;15.96;26.59;80518211#3_0;0.00
;t_3;13.358787;42.369836;222.02;DEFAULT_VEHTYPE;13.85;75.22;-542078581_0;0.00
9.00;t_0;13.343921;42.366111;135.70;DEFAULT_VEHTYPE;18.97;2.85;:5518222604_6_0;0.00
;t_1;13.340942;42.371970;126.07;DEFAULT_VEHTYPE;12.78;77.96;263827102_0;0.00
;t_2;13.347526;42.364538;307.74;DEFAULT_VEHTYPE;18.30;8.44;80518211#4_0;0.00
;t_3;13.358670;42.369736;222.02;DEFAULT_VEHTYPE;14.70;89.92;-542078581_0;0.00
10.00;t_0;13.344115;42.365996;127.89;DEFAULT_VEHTYPE;20.51;8.36;574968591#1_0;0.00
;t_1;13.341076;42.371911;121.99;DEFAULT_VEHTYPE;12.86;90.82;263827102_0;0.00
;t_2;13.347327;42.364648;307.74;DEFAULT_VEHTYPE;20.43;28.87;80518211#4_0;0.00
;t_3;13.358558;42.369641;222.02;DEFAULT_VEHTYPE;14.03;103.95;-542078581_0;0.00
11.00;t_0;13.344339;42.365881;122.15;DEFAULT_VEHTYPE;22.39;30.75;574968591#1_0;0.00
;t_1;13.341197;42.371855;125.08;DEFAULT_VEHTYPE;11.78;102.60;263827102_0;0.00
;t_2;13.347111;42.364767;307.74;DEFAULT_VEHTYPE;22.20;51.06;80518211#4_0;0.00
;t_3;13.358440;42.369539;222.02;DEFAULT_VEHTYPE;14.94;118.90;-542078581_0;0.00
12.00;t_0;13.344602;42.365782;119.53;DEFAULT_VEHTYPE;24.33;55.07;574968591#1_0;0.00
;t_1;13.341318;42.371787;127.95;DEFAULT_VEHTYPE;12.44;115.05;263827102_0;0.00
;t_2;13.346867;42.364893;301.29;DEFAULT_VEHTYPE;24.53;75.59;80518211#4_0;0.00
;t_3;13.358324;42.369440;222.02;DEFAULT_VEHTYPE;14.53;133.42;-542078581_0;0.00
13.00;t_0;13.344884;42.365662;120.55;DEFAULT_VEHTYPE;26.76;6.50;574968591#2_0;0.00
;t_1;13.341435;42.371715;131.46;DEFAULT_VEHTYPE;12.57;127.62;263827102_0;0.00
;t_2;13.346583;42.365016;301.29;DEFAULT_VEHTYPE;27.10;102.70;80518211#4_0;0.00
;t_3;13.358219;42.369365;235.24;DEFAULT_VEHTYPE;12.12;0.83;28104552_0;0.00
14.00;t_0;13.345128;42.365560;120.55;DEFAULT_VEHTYPE;23.07;29.57;574968591#2_0;0.00
;t_1;13.341544;42.371640;134.82;DEFAULT_VEHTYPE;12.23;139.85;263827102_0;0.00
;t_2;13.346290;42.365130;296.87;DEFAULT_VEHTYPE;27.29;9.41;:2586973267_0_0;0.00
;t_3;13.358135;42.369336;247.22;DEFAULT_VEHTYPE;7.62;8.44;28104552_0;0.00
15.00;t_0;13.345332;42.365475;120.55;DEFAULT_VEHTYPE;19.34;48.91;574968591#2_0;0.00
;t_1;13.341640;42.371560;142.90;DEFAULT_VEHTYPE;11.89;151.74;263827102_0;0.00
;t_2;13.346034;42.365278;316.57;DEFAULT_VEHTYPE;27.15;7.03;252654758_0;0.00
;t_3;13.358039;42.369310;251.68;DEFAULT_VEHTYPE;8.44;5.03;:2443312462_0_0;0.00
16.00;t_0;13.345490;42.365409;120.05;DEFAULT_VEHTYPE;14.84;1.35;:2586973273_3_0;0.00
;t_1;13.341734;42.371466;145.79;DEFAULT_VEHTYPE;12.99;164.73;263827102_0;0.00
;t_2;13.345882;42.365446;337.26;DEFAULT_VEHTYPE;22.76;1.53;:2586973275_0_0;0.00
;t_3;13.357921;42.369319;279.49;DEFAULT_VEHTYPE;9.76;4.03;:5654637985_1_0;0.00
17.00;t_0;13.345601;42.365366;118.83;DEFAULT_VEHTYPE;10.34;2.75;833955732_0;0.00
;t_1;13.341818;42.371379;145.79;DEFAULT_VEHTYPE;11.94;176.67;263827102_0;0.00
;t_2;13.345854;42.365608;359.69;DEFAULT_VEHTYPE;18.26;8.15;833955731_0;0.00
;t_3;13.357788;42.369311;260.02;DEFAULT_VEHTYPE;11.08;15.11;:5654637985_1_0;0.00
18.00;t_0;13.345670;42.365342;116.08;DEFAULT_VEHTYPE;6.29;2.27;:309877712_3_0;0.00
;t_1;13.341890;42.371286;151.59;DEFAULT_VEHTYPE;11.86;188.53;263827102_0;0.00
;t_2;13.345871;42.365731;6.70;DEFAULT_VEHTYPE;13.76;3.19;-833955737#3_0;0.00
;t_3;13.357656;42.369250;232.73;DEFAULT_VEHTYPE;10.87;4.08;823877511#1_0;0.00
19.00;t_0;13.345759;42.365333;91.46;DEFAULT_VEHTYPE;7.62;4.69;:309877712_7_0;0.00
;t_1;13.341951;42.371191;155.99;DEFAULT_VEHTYPE;11.75;200.27;263827102_0;0.00
;t_2;13.345886;42.365855;6.32;DEFAULT_VEHTYPE;13.82;17.02;-833955737#3_0;0.00
;t_3;13.357572;42.369176;210.41;DEFAULT_VEHTYPE;10.61;9.40;:5654637962_0_0;0.00
20.00;t_0;13.345822;42.365391;28.14;DEFAULT_VEHTYPE;8.68;1.60;546318556_0;0.00
;t_1;13.342003;42.371089;160.63;DEFAULT_VEHTYPE;12.10;212.37;263827102_0;0.00
;t_2;13.345899;42.365970;5.86;DEFAULT_VEHTYPE;12.78;10.44;:2586973303_3_0;0.00
;t_3;13.357575;42.369066;178.79;DEFAULT_VEHTYPE;11.84;11.56;823877523_0;0.00
21.00;t_0;13.345837;42.365427;18.98;DEFAULT_VEHTYPE;4.18;5.78;546318556_0;0.00
;t_1;13.342052;42.370983;162.75;DEFAULT_VEHTYPE;12.46;224.84;263827102_0;0.00
;t_2;13.345912;42.366094;5.44;DEFAULT_VEHTYPE;13.80;9.74;-833955737#2_0;0.00
;t_3;13.357600;42.368939;183.29;DEFAULT_VEHTYPE;14.30;9.00;:309739814_0_0;0.00
22.00;t_0;13.345855;42.365480;14.88;DEFAULT_VEHTYPE;6.00;5.48;:2586973275_1_0;0.00
;t_1;13.342097;42.370878;163.86;DEFAULT_VEHTYPE;12.18;237.02;263827102_0;0.00
;t_2;13.345924;42.366212;5.44;DEFAULT_VEHTYPE;13.22;22.96;-833955737#2_0;0.00
;t_3;13.357528;42.368824;217.04;DEFAULT_VEHTYPE;14.23;11.17;28199969#0_0;0.00
23.00;t_0;13.345857;42.365545;0.11;DEFAULT_VEHTYPE;7.33;1.17;833955731_0;0.00
;t_1;13.342143;42.370768;163.98;DEFAULT_VEHTYPE;12.82;249.84;263827102_0;0.00
;t_2;13.345936;42.366333;5.44;DEFAULT_VEHTYPE;13.41;36.37;-833955737#2_0;0.00
;t_3;13.357403;42.368742;233.77;DEFAULT_VEHTYPE;13.82;5.93;28199969#1_0;0.00
24.00;t_0;13.345857;42.365631;4.50;DEFAULT_VEHTYPE;9.58;10.75;833955731_0;0.00
;t_1;13.342186;42.370667;163.60;DEFAULT_VEHTYPE;11.77;261.61;263827102_0;0.00
;t_2;13.345948;42.366451;5.44;DEFAULT_VEHTYPE;13.16;49.53;-833955737#2_0;0.00
;t_3;13.357244;42.368678;252.58;DEFAULT_VEHTYPE;14.99;2.31;823877518_0;0.00
25.00;t_0;13.345871;42.365732;6.69;DEFAULT_VEHTYPE;11.22;3.26;-833955737#3_0;0.00
;t_1;13.342233;42.370567;159.62;DEFAULT_VEHTYPE;11.75;273.36;263827102_0;0.00
;t_2;13.345960;42.366571;5.35;DEFAULT_VEHTYPE;13.33;10.59;:2700298469_3_0;0.00
;t_3;13.357078;42.368634;250.78;DEFAULT_VEHTYPE;14.56;13.04;542078583_0;0.00
26.00;t_0;13.345885;42.365849;6.32;DEFAULT_VEHTYPE;13.01;16.26;-833955737#3_0;0.00
;t_1;13.342306;42.370475;147.51;DEFAULT_VEHTYPE;11.92;285.28;263827102_0;0.00
;t_2;13.345972;42.366692;5.24;DEFAULT_VEHTYPE;13.53;9.54;-833955737#1_0;0.00
;t_3;13.356924;42.368591;249.60;DEFAULT_VEHTYPE;13.59;5.08;80501909_0;0.00
27.00;t_0;13.345899;42.365971;5.86;DEFAULT_VEHTYPE;13.64;10.55;:2586973303_3_0;0.00
;t_1;13.342402;42.370382;141.53;DEFAULT_VEHTYPE;12.96;298.24;263827102_0;0.00
;t_2;13.345980;42.366817;1.65;DEFAULT_VEHTYPE;13.95;23.49;-833955737#1_0;0.00
;t_3;13.356820;42.368560;249.60;DEFAULT_VEHTYPE;9.16;14.24;80501909_0;0.00
28.00;t_0;13.345912;42.366092;5.44;DEFAULT_VEHTYPE;13.49;9.54;-833955737#2_0;0.00
;t_1;13.342493;42.370293;145.27;DEFAULT_VEHTYPE;12.45;310.70;263827102_0;0.00
;t_2;13.345975;42.366941;359.21;DEFAULT_VEHTYPE;13.77;37.27;-833955737#1_0;0.00
;t_3;13.356725;42.368532;249.41;DEFAULT_VEHTYPE;8.44;7.72;80501910_0;0.00
29.00;t_0;13.345925;42.366220;5.44;DEFAULT_VEHTYPE;14.30;23.84;-833955737#2_0;0.00
;t_1;13.342570;42.370196;150.97;DEFAULT_VEHTYPE;12.52;323.21;263827102_0;0.00
;t_2;13.345941;42.367062;349.40;DEFAULT_VEHTYPE;13.72;50.99;-833955737#1_0;0.00
;t_3;13.356633;42.368505;249.41;DEFAULT_VEHTYPE;8.13;15.86;80501910_0;0.00
30.00;t_0;13.345938;42.366351;5.44;DEFAULT_VEHTYPE;14.57;38.41;-833955737#2_0;0.00
;t_1;13.342643;42.370102;150.97;DEFAULT_VEHTYPE;12.04;335.25;263827102_0;0.00
;t_2;13.345887;42.367179;339.92;DEFAULT_VEHTYPE;13.77;64.75;-833955737#1_0;0.00
;t_3;13.356532;42.368476;249.65;DEFAULT_VEHTYPE;8.94;0.32;:939109067_0_0;0.00
31.00;t_0;13.345951;42.366474;5.44;DEFAULT_VEHTYPE;13.71;52.12;-833955737#2_0;0.00
;t_1;13.342723;42.370001;150.97;DEFAULT_VEHTYPE;13.01;348.26;263827102_0;0.00
;t_2;13.345821;42.367288;335.71;DEFAULT_VEHTYPE;13.25;78.00;-833955737#1_0;0.00
;t_3;13.356394;42.368467;270.51;DEFAULT_VEHTYPE;11.54;1.76;80501914#0_0;0.00
32.00;t_0;13.345964;42.366606;5.35;DEFAULT_VEHTYPE;14.71;14.56;:2700298469_3_0;0.00
;t_1;13.342797;42.369905;150.97;DEFAULT_VEHTYPE;12.24;360.51;263827102_0;0.00
;t_2;13.345753;42.367391;333.49;DEFAULT_VEHTYPE;12.79;90.80;-833955737#1_0;0.00
;t_3;13.356228;42.368457;265.54;DEFAULT_VEHTYPE;13.68;15.44;80501914#0_0;0.00
33.00;t_0;13.345977;42.366738;5.24;DEFAULT_VEHTYPE;14.68;14.66;-833955737#1_0;0.00
;t_1;13.342888;42.369817;142.86;DEFAULT_VEHTYPE;12.32;372.82;263827102_0;0.00
;t_2;13.345674;42.367495;331.59;DEFAULT_VEHTYPE;13.18;103.97;-833955737#1_0;0.00
;t_3;13.356046;42.368444;265.54;DEFAULT_VEHTYPE;15.09;30.52;80501914#0_0;0.00
34.00;t_0;13.345978;42.366866;359.32;DEFAULT_VEHTYPE;14.26;28.92;-833955737#1_0;0.00
;t_1;13.342986;42.369726;142.86;DEFAULT_VEHTYPE;12.92;385.74;263827102_0;0.00
;t_2;13.345597;42.367595;331.59;DEFAULT_VEHTYPE;12.81;116.78;-833955737#1_0;0.00
;t_3;13.355845;42.368430;265.54;DEFAULT_VEHTYPE;16.62;47.15;80501914#0_0;0.00
35.00;t_0;13.345961;42.366994;349.40;DEFAULT_VEHTYPE;14.27;43.19;-833955737#1_0;0.00
;t_1;13.343082;42.369635;142.86;DEFAULT_VEHTYPE;12.89;398.63;263827102_0;0.00
;t_2;13.345501;42.367695;323.66;DEFAULT_VEHTYPE;13.68;130.46;-833955737#1_0;0.00
;t_3;13.355625;42.368414;265.54;DEFAULT_VEHTYPE;18.25;65.40;80501914#0_0;0.00
36.00;t_0;13.345921;42.367115;343.84;DEFAULT_VEHTYPE;13.87;57.05;-833955737#1_0;0.00
;t_1;13.343175;42.369548;142.86;DEFAULT_VEHTYPE;12.33;410.96;263827102_0;0.00
;t_2;13.345394;42.367787;318.53;DEFAULT_VEHTYPE;13.50;143.96;-833955737#1_0;0.00
;t_3;13.355384;42.368382;254.63;DEFAULT_VEHTYPE;20.19;8.20;:939109056_1_0;0.00
37.00;t_0;13.345859;42.367230;338.38;DEFAULT_VEHTYPE;13.75;70.80;-833955737#1_0;0.00
;t_1;13.343264;42.369464;142.58;DEFAULT_VEHTYPE;11.83;422.79;263827102_0;0.00
;t_2;13.345286;42.367875;318.53;DEFAULT_VEHTYPE;13.22;157.18;-833955737#1_0;0.00
;t_3;13.355143;42.368284;238.24;DEFAULT_VEHTYPE;22.69;11.97;80501914#1_0;0.00
38.00;t_0;13.345784;42.367346;335.71;DEFAULT_VEHTYPE;14.30;85.10;-833955737#1_0;0.00
;t_1;13.343360;42.369380;140.99;DEFAULT_VEHTYPE;12.29;435.08;263827102_0;0.00
;t_2;13.345194;42.367980;336.87;DEFAULT_VEHTYPE;14.00;171.17;-833955737#1_0;0.00
;t_3;13.354907;42.368173;240.86;DEFAULT_VEHTYPE;23.06;35.02;80501914#1_0;0.00
39.00;t_0;13.345699;42.367462;331.59;DEFAULT_VEHTYPE;14.69;99.79;-833955737#1_0;0.00
;t_1;13.343473;42.369300;134.13;DEFAULT_VEHTYPE;12.77;447.85;263827102_0;0.00
;t_2;13.345175;42.368082;4.88;DEFAULT_VEHTYPE;11.66;9.45;:5279479995_0_0;0.00
;t_3;13.354702;42.368102;248.61;DEFAULT_VEHTYPE;18.67;6.92;80501914#2_0;0.00
40.00;t_0;13.345615;42.367572;331.59;DEFAULT_VEHTYPE;14.05;113.84;-833955737#1_0;0.00
;t_1;13.343590;42.369223;132.24;DEFAULT_VEHTYPE;12.86;460.71;263827102_0;0.00
;t_2;13.345205;42.368140;27.44;DEFAULT_VEHTYPE;7.16;0.37;:5325968287_2_0;0.00
;t_3;13.354530;42.368072;266.28;DEFAULT_VEHTYPE;14.85;0.02;-686128058#3_0;0.00
41.00;t_0;13.345519;42.367678;323.66;DEFAULT_VEHTYPE;14.17;128.01;-833955737#1_0;0.00
;t_1;13.343707;42.369147;132.24;DEFAULT_VEHTYPE;12.84;473.55;263827102_0;0.00
;t_2;13.345279;42.368203;42.05;DEFAULT_VEHTYPE;9.33;9.70;:5325968287_2_0;0.00
;t_3;13.354356;42.368044;258.64;DEFAULT_VEHTYPE;14.64;14.66;-686128058#3_0;0.00
42.00;t_0;13.345415;42.367771;318.53;DEFAULT_VEHTYPE;13.45;141.46;-833955737#1_0;0.00
;t_1;13.343817;42.369076;132.24;DEFAULT_VEHTYPE;12.08;485.63;263827102_0;0.00
;t_2;13.345390;42.368261;60.23;DEFAULT_VEHTYPE;11.36;3.93;-92426124_0;0.00
;t_3;13.354189;42.368016;258.64;DEFAULT_VEHTYPE;14.11;28.77;-686128058#3_0;0.00
43.00;t_0;13.345301;42.367862;318.53;DEFAULT_VEHTYPE;13.78;155.24;-833955737#1_0;0.00
;t_1;13.343929;42.369003;132.24;DEFAULT_VEHTYPE;12.23;497.86;263827102_0;0.00
;t_2;13.345539;42.368321;62.63;DEFAULT_VEHTYPE;13.96;17.90;-92426124_0;0.00
;t_3;13.354025;42.367989;258.64;DEFAULT_VEHTYPE;13.82;42.58;-686128058#3_0;0.00
44.00;t_0;13.345205;42.367960;332.90;DEFAULT_VEHTYPE;13.57;168.81;-833955737#1_0;0.00
;t_1;13.344039;42.368932;132.24;DEFAULT_VEHTYPE;12.03;509.89;263827102_0;0.00
;t_2;13.345680;42.368377;62.63;DEFAULT_VEHTYPE;13.21;31.11;-92426124_0;0.00
;t_3;13.353858;42.367962;258.64;DEFAULT_VEHTYPE;14.10;56.69;-686128058#3_0;0.00
45.00;t_0;13.345173;42.368070;0.15;DEFAULT_VEHTYPE;12.72;8.15;:5279479995_0_0;0.00
;t_1;13.344157;42.368856;132.24;DEFAULT_VEHTYPE;12.86;522.75;263827102_0;0.00
;t_2;13.345779;42.368410;71.03;DEFAULT_VEHTYPE;9.00;2.13;:5315561903_2_0;0.00
;t_3;13.353684;42.367933;258.64;DEFAULT_VEHTYPE;14.63;71.32;-686128058#3_0;0.00
46.00;t_0;13.345203;42.368138;25.80;DEFAULT_VEHTYPE;8.22;0.12;:5325968287_2_0;0.00
;t_1;13.344275;42.368779;132.71;DEFAULT_VEHTYPE;12.99;535.73;263827102_0;0.00
;t_2;13.345885;42.368386;115.47;DEFAULT_VEHTYPE;9.25;0.15;:5315561906_0_0;0.00
;t_3;13.353514;42.367906;258.64;DEFAULT_VEHTYPE;14.36;85.68;-686128058#3_0;0.00
47.00;t_0;13.345282;42.368206;42.05;DEFAULT_VEHTYPE;9.93;10.06;:5325968287_2_0;0.00
;t_1;13.344387;42.368705;132.88;DEFAULT_VEHTYPE;12.35;548.09;263827102_0;0.00
;t_2;13.345983;42.368325;135.05;DEFAULT_VEHTYPE;10.64;4.83;550336246#1_0;0.00
;t_3;13.353345;42.367878;258.64;DEFAULT_VEHTYPE;14.27;99.95;-686128058#3_0;0.00
48.00;t_0;13.345405;42.368267;62.63;DEFAULT_VEHTYPE;12.47;5.40;-92426124_0;0.00
;t_1;13.344504;42.368630;132.10;DEFAULT_VEHTYPE;12.71;560.80;263827102_0;0.00
;t_2;13.346058;42.368224;159.19;DEFAULT_VEHTYPE;12.90;5.03;833955770#0_0;0.00
;t_3;13.353167;42.367849;258.64;DEFAULT_VEHTYPE;15.00;114.95;-686128058#3_0;0.00
49.00;t_0;13.345556;42.368328;62.63;DEFAULT_VEHTYPE;14.09;19.49;-92426124_0;0.00
;t_1;13.344611;42.368559;133.52;DEFAULT_VEHTYPE;11.85;572.65;263827102_0;0.00
;t_2;13.346124;42.368112;155.60;DEFAULT_VEHTYPE;13.55;18.58;833955770#0_0;0.00
;t_3;13.352990;42.367820;258.64;DEFAULT_VEHTYPE;14.91;129.86;-686128058#3_0;0.00
50.00;t_0;13.345701;42.368386;62.63;DEFAULT_VEHTYPE;13.59;33.08;-92426124_0;0.00
;t_1;13.344721;42.368484;133.52;DEFAULT_VEHTYPE;12.25;584.90;263827102_0;0.00
;t_2;13.346208;42.368012;145.86;DEFAULT_VEHTYPE;13.13;31.71;833955770#0_0;0.00
;t_3;13.352822;42.367792;258.97;DEFAULT_VEHTYPE;14.21;4.49;:2452641720_0_0;0.00
51.00;t_0;13.345804;42.368409;83.55;DEFAULT_VEHTYPE;9.09;4.19;:5315561903_2_0;0.00
;t_1;13.344833;42.368409;133.52;DEFAULT_VEHTYPE;12.50;597.39;263827102_0;0.00
;t_2;13.346310;42.367921;139.53;DEFAULT_VEHTYPE;13.11;44.82;833955770#0_0;0.00
;t_3;13.352644;42.367764;259.03;DEFAULT_VEHTYPE;14.95;7.89;:5807259780_1_0;0.00
52.00;t_0;13.345905;42.368377;120.62;DEFAULT_VEHTYPE;9.18;2.14;:5315561906_0_0;0.00
;t_1;13.344946;42.368332;133.52;DEFAULT_VEHTYPE;12.54;609.94;263827102_0;0.00
;t_2;13.346428;42.367834;135.55;DEFAULT_VEHTYPE;13.76;58.58;833955770#0_0;0.00
;t_3;13.352467;42.367736;259.12;DEFAULT_VEHTYPE;14.95;8.43;-686128058#0_0;0.00
53.00;t_0;13.346001;42.368310;137.85;DEFAULT_VEHTYPE;10.86;0.92;:5315561907_0_0;0.00
;t_1;13.345042;42.368266;138.70;DEFAULT_VEHTYPE;10.93;10.31;551489032_0;0.00
;t_2;13.346548;42.367756;131.32;DEFAULT_VEHTYPE;13.10;71.68;833955770#0_0;0.00
;t_3;13.352299;42.367711;259.47;DEFAULT_VEHTYPE;14.10;13.56;-683327934_0;0.00
54.00;t_0;13.346068;42.368206;159.19;DEFAULT_VEHTYPE;12.85;7.18;833955770#0_0;0.00
;t_1;13.345099;42.368212;142.77;DEFAULT_VEHTYPE;7.54;4.36;:5325968282_1_0;0.00
;t_2;13.346670;42.367686;128.27;DEFAULT_VEHTYPE;12.74;84.42;833955770#0_0;0.00
;t_3;13.352120;42.367685;260.21;DEFAULT_VEHTYPE;15.02;28.58;-683327934_0;0.00
55.00;t_0;13.346136;42.368096;154.39;DEFAULT_VEHTYPE;13.43;20.62;833955770#0_0;0.00
;t_1;13.345136;42.368197;126.26;DEFAULT_VEHTYPE;3.57;7.93;:5325968282_1_0;0.00
;t_2;13.346809;42.367616;124.12;DEFAULT_VEHTYPE;13.89;98.31;833955770#0_0;0.00
;t_3;13.351941;42.367660;260.57;DEFAULT_VEHTYPE;14.97;13.17;-833955769#4_0;0.00
56.00;t_0;13.346228;42.367992;145.00;DEFAULT_VEHTYPE;13.88;34.50;833955770#0_0;0.00
;t_1;13.345206;42.368185;101.76;DEFAULT_VEHTYPE;5.94;4.89;:5325968287_5_0;0.00
;t_2;13.346954;42.367554;119.03;DEFAULT_VEHTYPE;13.74;112.04;833955770#0_0;0.00
;t_3;13.351767;42.367636;260.57;DEFAULT_VEHTYPE;14.62;10.07;:5973280681_4_0;0.00
57.00;t_0;13.346344;42.367895;137.47;DEFAULT_VEHTYPE;14.43;48.92;833955770#0_0;0.00
;t_1;13.345282;42.368207;62.36;DEFAULT_VEHTYPE;6.94;11.84;:5325968287_5_0;0.00
;t_2;13.347105;42.367509;112.25;DEFAULT_VEHTYPE;13.42;125.47;833955770#0_0;0.00
;t_3;13.351590;42.367612;260.88;DEFAULT_VEHTYPE;14.78;6.90;:3634906931_1_0;0.00
58.00;t_0;13.346473;42.367804;133.44;DEFAULT_VEHTYPE;14.65;63.57;833955770#0_0;0.00
;t_1;13.345352;42.368245;53.68;DEFAULT_VEHTYPE;7.30;0.35;-92426124_0;0.00
;t_2;13.347268;42.367478;105.06;DEFAULT_VEHTYPE;13.83;139.29;833955770#0_0;0.00
;t_3;13.351425;42.367591;262.32;DEFAULT_VEHTYPE;13.84;10.71;-833955769#2_0;0.00
59.00;t_0;13.346607;42.367722;129.27;DEFAULT_VEHTYPE;14.31;77.88;833955770#0_0;0.00
;t_1;13.345447;42.368284;62.63;DEFAULT_VEHTYPE;8.95;9.30;-92426124_0;0.00
;t_2;13.347422;42.367463;98.68;DEFAULT_VEHTYPE;12.84;152.14;833955770#0_0;0.00
;t_3;13.351243;42.367576;265.97;DEFAULT_VEHTYPE;15.02;25.72;-833955769#2_0;0.00
60.00;t_0;13.346745;42.367647;126.20;DEFAULT_VEHTYPE;14.06;91.95;833955770#0_0;0.00
;t_1;13.345568;42.368332;62.63;DEFAULT_VEHTYPE;11.31;20.62;-92426124_0;0.00
;t_2;13.347579;42.367463;89.92;DEFAULT_VEHTYPE;12.97;165.10;833955770#0_0;0.00
;t_3;13.351076;42.367570;269.29;DEFAULT_VEHTYPE;13.80;39.53;-833955769#2_0;0.00
61.00;t_0;13.346883;42.367582;121.86;DEFAULT_VEHTYPE;13.49;105.44;833955770#0_0;0.00
;t_1;13.345707;42.368388;62.63;DEFAULT_VEHTYPE;13.02;33.64;-92426124_0;0.00
;t_2;13.347735;42.367472;85.52;DEFAULT_VEHTYPE;12.89;177.99;833955770#0_0;0.00
;t_3;13.350898;42.367568;270.13;DEFAULT_VEHTYPE;14.64;54.16;-833955769#2_0;0.00
62.00;t_0;13.347039;42.367528;112.25;DEFAULT_VEHTYPE;14.22;119.66;833955770#0_0;0.00
;t_1;13.345804;42.368409;83.47;DEFAULT_VEHTYPE;8.52;4.18;:5315561903_2_0;0.00
;t_2;13.347890;42.367483;85.52;DEFAULT_VEHTYPE;12.78;190.77;833955770#0_0;0.00
;t_3;13.350720;42.367566;270.13;DEFAULT_VEHTYPE;14.71;68.87;-833955769#2_0;0.00
63.00;t_0;13.347194;42.367492;105.06;DEFAULT_VEHTYPE;13.42;133.09;833955770#0_0;0.00
;t_1;13.345895;42.368381;118.29;DEFAULT_VEHTYPE;8.24;1.19;:5315561906_0_0;0.00
;t_2;13.348058;42.367495;85.52;DEFAULT_VEHTYPE;13.90;204.67;833955770#0_0;0.00
;t_3;13.350549;42.367563;269.90;DEFAULT_VEHTYPE;14.08;12.25;:3634907977_1_0;0.00
64.00;t_0;13.347362;42.367469;98.68;DEFAULT_VEHTYPE;14.08;147.16;833955770#0_0;0.00
;t_1;13.345986;42.368322;135.50;DEFAULT_VEHTYPE;9.96;5.19;550336246#1_0;0.00
;t_2;13.348218;42.367507;85.67;DEFAULT_VEHTYPE;13.25;1.38;:5326878259_5_0;0.00
;t_3;13.350367;42.367560;269.85;DEFAULT_VEHTYPE;14.95;9.69;-833955769#1_0;0.00
65.00;t_0;13.347528;42.367462;89.92;DEFAULT_VEHTYPE;13.69;160.86;833955770#0_0;0.00
;t_1;13.346054;42.368230;159.43;DEFAULT_VEHTYPE;11.75;4.25;833955770#0_0;0.00
;t_2;13.348383;42.367517;86.61;DEFAULT_VEHTYPE;13.64;5.66;833955770#1_0;0.00
;t_3;13.350188;42.367558;270.23;DEFAULT_VEHTYPE;14.75;24.44;-833955769#1_0;0.00
66.00;t_0;13.347706;42.367470;85.52;DEFAULT_VEHTYPE;14.70;175.56;833955770#0_0;0.00
;t_1;13.346115;42.368126;155.65;DEFAULT_VEHTYPE;12.64;16.89;833955770#0_0;0.00
;t_2;13.348542;42.367526;87.41;DEFAULT_VEHTYPE;13.17;2.30;:5973280713_7_0;0.00
;t_3;13.350008;42.367558;271.50;DEFAULT_VEHTYPE;14.82;39.26;-833955769#1_0;0.00
67.00;t_0;13.347869;42.367482;85.52;DEFAULT_VEHTYPE;13.52;189.08;833955770#0_0;0.00
;t_1;13.346188;42.368032;148.23;DEFAULT_VEHTYPE;12.07;28.96;833955770#0_0;0.00
;t_2;13.348698;42.367530;89.57;DEFAULT_VEHTYPE;12.81;6.28;:5326878264_3_0;0.00
;t_3;13.349831;42.367559;271.50;DEFAULT_VEHTYPE;14.62;53.87;-833955769#1_0;0.00
68.00;t_0;13.348038;42.367494;85.52;DEFAULT_VEHTYPE;13.95;203.03;833955770#0_0;0.00
;t_1;13.346285;42.367942;140.46;DEFAULT_VEHTYPE;12.86;41.82;833955770#0_0;0.00
;t_2;13.348855;42.367533;90.13;DEFAULT_VEHTYPE;12.95;1.57;833955773_0;0.00
;t_3;13.349652;42.367560;271.50;DEFAULT_VEHTYPE;14.70;68.58;-833955769#1_0;0.00
69.00;t_0;13.348203;42.367506;85.53;DEFAULT_VEHTYPE;13.62;0.11;:5326878259_5_0;0.00
;t_1;13.346393;42.367859;135.55;DEFAULT_VEHTYPE;12.77;54.58;833955770#0_0;0.00
;t_2;13.349017;42.367533;91.02;DEFAULT_VEHTYPE;13.32;6.21;:5326878244_3_0;0.00
;t_3;13.349485;42.367561;271.50;DEFAULT_VEHTYPE;13.76;82.33;-833955769#1_0;0.00
70.00;t_0;13.348366;42.367516;86.52;DEFAULT_VEHTYPE;13.48;4.23;833955770#1_0;0.00
;t_1;13.346502;42.367785;132.25;DEFAULT_VEHTYPE;12.19;66.77;833955770#0_0;0.00
;t_2;13.349187;42.367533;90.91;DEFAULT_VEHTYPE;13.98;1.19;:6176785655_5_0;0.00
;t_3;13.349313;42.367562;271.50;DEFAULT_VEHTYPE;14.20;96.54;-833955769#1_0;0.00
71.00;t_0;13.348540;42.367526;87.33;DEFAULT_VEHTYPE;14.39;2.09;:5973280713_7_0;0.00
;t_1;13.346621;42.367714;129.27;DEFAULT_VEHTYPE;12.57;79.34;833955770#0_0;0.00
;t_2;13.349349;42.367533;91.50;DEFAULT_VEHTYPE;13.41;5.23;833955769#1_0;0.00
;t_3;13.349143;42.367562;270.87;DEFAULT_VEHTYPE;14.00;1.83;:3634899804_0_0;0.00
72.00;t_0;13.348718;42.367530;89.62;DEFAULT_VEHTYPE;14.64;1.10;:310036773_3_0;0.00
;t_1;13.346740;42.367649;126.20;DEFAULT_VEHTYPE;12.13;91.47;833955770#0_0;0.00
;t_2;13.349509;42.367532;91.50;DEFAULT_VEHTYPE;13.11;18.34;833955769#1_0;0.00
;t_3;13.348974;42.367562;271.07;DEFAULT_VEHTYPE;13.88;8.55;:5326878244_0_0;0.00
73.00;t_0;13.348895;42.367533;90.97;DEFAULT_VEHTYPE;14.66;4.90;833955773_0;0.00
;t_1;13.346870;42.367587;123.14;DEFAULT_VEHTYPE;12.72;104.19;833955770#0_0;0.00
;t_2;13.349675;42.367531;91.50;DEFAULT_VEHTYPE;13.72;32.07;833955769#1_0;0.00
;t_3;13.348794;42.367561;270.12;DEFAULT_VEHTYPE;14.89;3.49;:310036773_0_0;0.00
74.00;t_0;13.349065;42.367533;91.02;DEFAULT_VEHTYPE;13.98;10.20;:5326878244_3_0;0.00
;t_1;13.347008;42.367537;114.87;DEFAULT_VEHTYPE;12.72;116.91;833955770#0_0;0.00
;t_2;13.349840;42.367531;91.50;DEFAULT_VEHTYPE;13.60;45.67;833955769#1_0;0.00
;t_3;13.348625;42.367558;269.57;DEFAULT_VEHTYPE;13.90;6.23;:5326878264_0_0;0.00
75.00;t_0;13.349239;42.367533;90.92;DEFAULT_VEHTYPE;14.34;5.53;:6176785655_5_0;0.00
;t_1;13.347153;42.367500;107.26;DEFAULT_VEHTYPE;12.66;129.56;833955770#0_0;0.00
;t_2;13.350009;42.367530;91.50;DEFAULT_VEHTYPE;13.92;59.59;833955769#1_0;0.00
;t_3;13.348450;42.367550;266.63;DEFAULT_VEHTYPE;14.43;0.37;-833955770#1_0;0.00
76.00;t_0;13.349408;42.367533;91.50;DEFAULT_VEHTYPE;13.91;10.07;833955769#1_0;0.00
;t_1;13.347294;42.367476;102.35;DEFAULT_VEHTYPE;11.93;141.49;833955770#0_0;0.00
;t_2;13.350169;42.367529;91.50;DEFAULT_VEHTYPE;13.16;72.75;833955769#1_0;0.00
;t_3;13.348272;42.367539;266.26;DEFAULT_VEHTYPE;14.69;3.23;:5326878259_4_0;0.00
77.00;t_0;13.349583;42.367532;91.50;DEFAULT_VEHTYPE;14.41;24.48;833955769#1_0;0.00
;t_1;13.347443;42.367461;98.68;DEFAULT_VEHTYPE;12.40;153.88;833955770#0_0;0.00
;t_2;13.350335;42.367531;89.85;DEFAULT_VEHTYPE;13.62;86.37;833955769#1_0;0.00
;t_3;13.348105;42.367528;265.52;DEFAULT_VEHTYPE;13.80;7.62;-833955770#0_0;0.00
78.00;t_0;13.349762;42.367531;91.50;DEFAULT_VEHTYPE;14.70;39.18;833955769#1_0;0.00
;t_1;13.347593;42.367463;89.92;DEFAULT_VEHTYPE;12.32;166.20;833955770#0_0;0.00
;t_2;13.350504;42.367534;89.87;DEFAULT_VEHTYPE;13.93;1.47;:3634907977_2_0;0.00
;t_3;13.347938;42.367516;265.52;DEFAULT_VEHTYPE;13.84;21.46;-833955770#0_0;0.00
79.00;t_0;13.349930;42.367530;91.50;DEFAULT_VEHTYPE;13.85;53.03;833955769#1_0;0.00
;t_1;13.347738;42.367472;85.52;DEFAULT_VEHTYPE;11.97;178.17;833955770#0_0;0.00
;t_2;13.350660;42.367536;89.90;DEFAULT_VEHTYPE;12.91;14.37;:3634907977_2_0;0.00
;t_3;13.347763;42.367503;265.52;DEFAULT_VEHTYPE;14.48;35.94;-833955770#0_0;0.00
80.00;t_0;13.350099;42.367529;91.50;DEFAULT_VEHTYPE;13.91;66.94;833955769#1_0;0.00
;t_1;13.347884;42.367483;85.52;DEFAULT_VEHTYPE;12.10;190.27;833955770#0_0;0.00
;t_2;13.350829;42.367538;90.13;DEFAULT_VEHTYPE;13.92;10.79;833955769#2_0;0.00
;t_3;13.347594;42.367492;267.61;DEFAULT_VEHTYPE;14.00;49.94;-833955770#0_0;0.00
81.00;t_0;13.350264;42.367530;89.85;DEFAULT_VEHTYPE;13.59;80.53;833955769#1_0;0.00
;t_1;13.348040;42.367494;85.52;DEFAULT_VEHTYPE;12.89;203.16;833955770#0_0;0.00
;t_2;13.350993;42.367540;90.13;DEFAULT_VEHTYPE;13.46;24.25;833955769#2_0;0.00
;t_3;13.347422;42.367492;273.34;DEFAULT_VEHTYPE;14.16;64.11;-833955770#0_0;0.00
82.00;t_0;13.350432;42.367532;89.85;DEFAULT_VEHTYPE;13.85;94.37;833955769#1_0;0.00
;t_1;13.348189;42.367505;85.52;DEFAULT_VEHTYPE;12.36;215.52;833955770#0_0;0.00
;t_2;13.351147;42.367543;89.30;DEFAULT_VEHTYPE;12.74;36.98;833955769#2_0;0.00
;t_3;13.347252;42.367511;281.26;DEFAULT_VEHTYPE;14.18;78.29;-833955770#0_0;0.00
83.00;t_0;13.350599;42.367535;89.90;DEFAULT_VEHTYPE;13.79;9.33;:3634907977_2_0;0.00
;t_1;13.348343;42.367515;86.33;DEFAULT_VEHTYPE;12.75;2.37;833955770#1_0;0.00
;t_2;13.351305;42.367551;85.94;DEFAULT_VEHTYPE;13.03;50.02;833955769#2_0;0.00
;t_3;13.347080;42.367547;290.62;DEFAULT_VEHTYPE;14.74;93.03;-833955770#0_0;0.00
84.00;t_0;13.350769;42.367538;90.13;DEFAULT_VEHTYPE;14.03;5.86;833955769#2_0;0.00
;t_1;13.348494;42.367524;86.59;DEFAULT_VEHTYPE;12.49;3.04;:5326878258_5_0;0.00
;t_2;13.351459;42.367566;82.48;DEFAULT_VEHTYPE;12.77;62.78;833955769#2_0;0.00
;t_3;13.346918;42.367601;299.06;DEFAULT_VEHTYPE;14.69;107.72;-833955770#0_0;0.00
85.00;t_0;13.350935;42.367540;90.13;DEFAULT_VEHTYPE;13.62;19.48;833955769#2_0;0.00
;t_1;13.348649;42.367529;88.97;DEFAULT_VEHTYPE;12.78;2.28;:5326878264_3_0;0.00
;t_2;13.351614;42.367586;80.87;DEFAULT_VEHTYPE;13.02;4.59;:3634906931_2_0;0.00
;t_3;13.346767;42.367671;304.29;DEFAULT_VEHTYPE;14.57;122.29;-833955770#0_0;0.00
86.00;t_0;13.351098;42.367542;89.82;DEFAULT_VEHTYPE;13.47;32.94;833955769#2_0;0.00
;t_1;13.348802;42.367532;89.74;DEFAULT_VEHTYPE;12.61;8.09;:310036773_3_0;0.00
;t_2;13.351767;42.367607;80.53;DEFAULT_VEHTYPE;12.78;7.31;833955769#3_0;0.00
;t_3;13.346627;42.367747;309.25;DEFAULT_VEHTYPE;14.37;136.66;-833955770#0_0;0.00
87.00;t_0;13.351275;42.367549;85.97;DEFAULT_VEHTYPE;14.61;47.55;833955769#2_0;0.00
;t_1;13.348954;42.367533;91.00;DEFAULT_VEHTYPE;12.51;1.07;:5326878244_3_0;0.00
;t_2;13.351926;42.367629;80.57;DEFAULT_VEHTYPE;13.32;2.68;833955769#4_0;0.00
;t_3;13.346489;42.367832;312.29;DEFAULT_VEHTYPE;14.75;151.40;-833955770#0_0;0.00
88.00;t_0;13.351449;42.367565;82.48;DEFAULT_VEHTYPE;14.41;61.96;833955769#2_0;0.00
;t_1;13.349111;42.367533;91.11;DEFAULT_VEHTYPE;12.87;2.48;:3634899804_3_0;0.00
;t_2;13.352085;42.367650;80.58;DEFAULT_VEHTYPE;13.28;15.96;833955769#4_0;0.00
;t_3;13.346359;42.367925;315.56;DEFAULT_VEHTYPE;14.88;166.29;-833955770#0_0;0.00
89.00;t_0;13.351611;42.367585;80.88;DEFAULT_VEHTYPE;13.58;4.33;:3634906931_2_0;0.00
;t_1;13.349265;42.367533;90.92;DEFAULT_VEHTYPE;12.68;7.61;:6176785655_5_0;0.00
;t_2;13.352251;42.367674;80.22;DEFAULT_VEHTYPE;13.98;11.91;683327934_0;0.00
;t_3;13.346241;42.368027;322.85;DEFAULT_VEHTYPE;14.91;181.19;-833955770#0_0;0.00
90.00;t_0;13.351781;42.367608;80.53;DEFAULT_VEHTYPE;14.18;0.62;:5973280681_5_0;0.00
;t_1;13.349419;42.367533;91.50;DEFAULT_VEHTYPE;12.76;11.00;833955769#1_0;0.00
;t_2;13.352414;42.367699;79.49;DEFAULT_VEHTYPE;13.65;25.56;683327934_0;0.00
;t_3;13.346149;42.368140;333.42;DEFAULT_VEHTYPE;14.68;195.87;-833955770#0_0;0.00
91.00;t_0;13.351950;42.367632;80.58;DEFAULT_VEHTYPE;14.15;4.65;833955769#4_0;0.00
;t_1;13.349565;42.367532;91.50;DEFAULT_VEHTYPE;11.99;22.99;833955769#1_0;0.00
;t_2;13.352566;42.367722;79.12;DEFAULT_VEHTYPE;12.80;7.92;686128058#0_0;0.00
;t_3;13.346081;42.368257;339.17;DEFAULT_VEHTYPE;14.23;210.11;-833955770#0_0;0.00
92.00;t_0;13.352111;42.367654;80.57;DEFAULT_VEHTYPE;13.54;0.16;683327934_0;0.00
;t_1;13.349719;42.367531;91.50;DEFAULT_VEHTYPE;12.67;35.67;833955769#1_0;0.00
;t_2;13.352722;42.367747;79.04;DEFAULT_VEHTYPE;13.16;12.40;:5807259780_3_0;0.00
;t_3;13.346048;42.368356;349.98;DEFAULT_VEHTYPE;11.33;6.24;:5315561888_1_0;0.00
93.00;t_0;13.352283;42.367679;80.14;DEFAULT_VEHTYPE;14.46;14.62;683327934_0;0.00
;t_1;13.349866;42.367530;91.50;DEFAULT_VEHTYPE;12.11;47.78;833955769#1_0;0.00
;t_2;13.352874;42.367771;79.02;DEFAULT_VEHTYPE;12.78;5.37;:2452641720_6_0;0.00
;t_3;13.346022;42.368418;343.51;DEFAULT_VEHTYPE;7.26;13.50;:5315561888_1_0;0.00
94.00;t_0;13.352448;42.367704;79.49;DEFAULT_VEHTYPE;13.82;28.44;683327934_0;0.00
;t_1;13.350018;42.367530;91.50;DEFAULT_VEHTYPE;12.52;60.30;833955769#1_0;0.00
;t_2;13.353036;42.367798;78.64;DEFAULT_VEHTYPE;13.64;6.66;686128058#3_0;0.00
;t_3;13.345956;42.368478;313.86;DEFAULT_VEHTYPE;8.87;5.70;:310036764_3_0;0.00
95.00;t_0;13.352616;42.367730;79.06;DEFAULT_VEHTYPE;14.12;3.45;:5807259780_3_0;0.00
;t_1;13.350174;42.367529;91.50;DEFAULT_VEHTYPE;12.88;73.19;833955769#1_0;0.00
;t_2;13.353196;42.367824;78.64;DEFAULT_VEHTYPE;13.55;20.21;686128058#3_0;0.00
;t_3;13.345853;42.368476;258.37;DEFAULT_VEHTYPE;8.85;14.56;:310036764_3_0;0.00
96.00;t_0;13.352789;42.367758;79.03;DEFAULT_VEHTYPE;14.58;3.62;686128058#1_0;0.00
;t_1;13.350324;42.367531;89.85;DEFAULT_VEHTYPE;12.30;85.49;833955769#1_0;0.00
;t_2;13.353348;42.367849;78.64;DEFAULT_VEHTYPE;12.77;32.98;686128058#3_0;0.00
;t_3;13.345751;42.368438;242.59;DEFAULT_VEHTYPE;9.38;6.21;:5315561903_0_0;0.00
97.00;t_0;13.352963;42.367786;78.77;DEFAULT_VEHTYPE;14.67;0.55;686128058#3_0;0.00
;t_1;13.350468;42.367533;89.85;DEFAULT_VEHTYPE;11.91;97.40;833955769#1_0;0.00
;t_2;13.353503;42.367874;78.64;DEFAULT_VEHTYPE;13.06;46.04;686128058#3_0;0.00
;t_3;13.345632;42.368391;242.63;DEFAULT_VEHTYPE;11.10;6.80;92426124_0;0.00
98.00;t_0;13.353132;42.367813;78.64;DEFAULT_VEHTYPE;14.23;14.77;686128058#3_0;0.00
;t_1;13.350625;42.367535;89.90;DEFAULT_VEHTYPE;12.87;11.44;:3634907977_2_0;0.00
;t_2;13.353654;42.367899;78.64;DEFAULT_VEHTYPE;12.80;58.85;686128058#3_0;0.00
;t_3;13.345495;42.368336;242.63;DEFAULT_VEHTYPE;12.83;19.63;92426124_0;0.00
99.00;t_0;13.353291;42.367839;78.64;DEFAULT_VEHTYPE;13.46;28.24;686128058#3_0;0.00
;t_1;13.350783;42.367538;90.13;DEFAULT_VEHTYPE;13.03;6.97;833955769#2_0;0.00
;t_2;13.353815;42.367925;78.64;DEFAULT_VEHTYPE;13.56;72.41;686128058#3_0;0.00
;t_3;13.345347;42.368276;242.63;DEFAULT_VEHTYPE;13.88;33.51;92426124_0;0.00
100.00;t_0;13.353460;42.367867;78.64;DEFAULT_VEHTYPE;14.25;42.49;686128058#3_0;0.00
;t_1;13.350936;42.367540;90.13;DEFAULT_VEHTYPE;12.59;19.56;833955769#2_0;0.00
;t_2;13.353972;42.367951;78.64;DEFAULT_VEHTYPE;13.19;85.60;686128058#3_0;0.00
;t_3;13.345194;42.368261;275.23;DEFAULT_VEHTYPE;13.08;2.29;:5325968295_0_0;0.00
101.00;t_0;13.353623;42.367894;78.64;DEFAULT_VEHTYPE;13.67;56.16;686128058#3_0;0.00
;t_1;13.351091;42.367542;89.92;DEFAULT_VEHTYPE;12.80;32.36;833955769#2_0;0.00
;t_2;13.354123;42.367976;78.64;DEFAULT_VEHTYPE;12.75;98.35;686128058#3_0;0.00
;t_3;13.345035;42.368306;299.21;DEFAULT_VEHTYPE;14.14;5.37;833955726_0;0.00
102.00;t_0;13.353787;42.367921;78.64;DEFAULT_VEHTYPE;13.88;70.04;686128058#3_0;0.00
;t_1;13.351248;42.367547;87.50;DEFAULT_VEHTYPE;12.92;45.28;833955769#2_0;0.00
;t_2;13.354276;42.368001;78.64;DEFAULT_VEHTYPE;12.89;111.24;686128058#3_0;0.00
;t_3;13.344913;42.368394;313.53;DEFAULT_VEHTYPE;14.20;6.95;-263827102_0;0.00
103.00;t_0;13.353962;42.367949;78.64;DEFAULT_VEHTYPE;14.71;84.75;686128058#3_0;0.00
;t_1;13.351391;42.367558;84.00;DEFAULT_VEHTYPE;11.86;57.14;833955769#2_0;0.00
;t_2;13.354435;42.368027;78.64;DEFAULT_VEHTYPE;13.42;124.65;686128058#3_0;0.00
;t_3;13.344787;42.368479;313.53;DEFAULT_VEHTYPE;13.99;20.94;-263827102_0;0.00
104.00;t_0;13.354131;42.367977;78.64;DEFAULT_VEHTYPE;14.30;99.05;686128058#3_0;0.00
;t_1;13.351539;42.367576;81.22;DEFAULT_VEHTYPE;12.35;69.48;833955769#2_0;0.00
;t_2;13.354584;42.368062;64.31;DEFAULT_VEHTYPE;13.19;4.36;80501905_0;0.00
;t_3;13.344661;42.368564;313.53;DEFAULT_VEHTYPE;14.08;35.02;-263827102_0;0.00
105.00;t_0;13.354296;42.368004;78.64;DEFAULT_VEHTYPE;13.89;112.94;686128058#3_0;0.00
;t_1;13.351681;42.367595;80.84;DEFAULT_VEHTYPE;11.89;0.10;833955769#3_0;0.00
;t_2;13.354771;42.368076;79.28;DEFAULT_VEHTYPE;15.58;10.51;:5326136253_1_0;0.00
;t_3;13.344531;42.368650;312.08;DEFAULT_VEHTYPE;14.31;49.33;-263827102_0;0.00
106.00;t_0;13.354464;42.368032;78.64;DEFAULT_VEHTYPE;14.18;127.12;686128058#3_0;0.00
;t_1;13.351822;42.367614;80.55;DEFAULT_VEHTYPE;11.86;4.12;:5973280681_5_0;0.00
;t_2;13.354936;42.368099;80.49;DEFAULT_VEHTYPE;13.76;13.57;28573309_0;0.00
;t_3;13.344404;42.368733;312.31;DEFAULT_VEHTYPE;13.95;63.28;-263827102_0;0.00
107.00;t_0;13.354620;42.368064;78.39;DEFAULT_VEHTYPE;13.69;7.32;80501905_0;0.00
;t_1;13.351970;42.367635;80.58;DEFAULT_VEHTYPE;12.39;6.39;833955769#4_0;0.00
;t_2;13.355099;42.368121;81.04;DEFAULT_VEHTYPE;13.68;27.25;28573309_0;0.00
;t_3;13.344272;42.368819;312.88;DEFAULT_VEHTYPE;14.49;77.77;-263827102_0;0.00
108.00;t_0;13.354789;42.368078;79.63;DEFAULT_VEHTYPE;14.13;1.32;28573309_0;0.00
;t_1;13.352114;42.367655;80.55;DEFAULT_VEHTYPE;12.08;0.44;683327934_0;0.00
;t_2;13.355266;42.368136;85.41;DEFAULT_VEHTYPE;13.91;41.16;28573309_0;0.00
;t_3;13.344139;42.368906;312.24;DEFAULT_VEHTYPE;14.55;92.32;-263827102_0;0.00
109.00;t_0;13.354951;42.368101;80.49;DEFAULT_VEHTYPE;13.55;14.86;28573309_0;0.00
;t_1;13.352260;42.367675;80.22;DEFAULT_VEHTYPE;12.18;12.62;683327934_0;0.00
;t_2;13.355421;42.368139;92.59;DEFAULT_VEHTYPE;12.77;53.93;28573309_0;0.00
;t_3;13.344013;42.368988;312.24;DEFAULT_VEHTYPE;13.83;106.15;-263827102_0;0.00
110.00;t_0;13.355112;42.368122;81.04;DEFAULT_VEHTYPE;13.49;28.35;28573309_0;0.00
;t_1;13.352414;42.367699;79.49;DEFAULT_VEHTYPE;12.98;25.60;683327934_0;0.00
;t_2;13.355578;42.368131;96.41;DEFAULT_VEHTYPE;12.96;5.06;28573312_0;0.00
;t_3;13.343880;42.369073;312.24;DEFAULT_VEHTYPE;14.48;120.63;-263827102_0;0.00
111.00;t_0;13.355285;42.368137;86.05;DEFAULT_VEHTYPE;14.36;42.71;28573309_0;0.00
;t_1;13.352564;42.367722;79.12;DEFAULT_VEHTYPE;12.64;7.80;686128058#0_0;0.00
;t_2;13.355734;42.368120;96.41;DEFAULT_VEHTYPE;12.88;17.94;28573312_0;0.00
;t_3;13.343746;42.369160;312.24;DEFAULT_VEHTYPE;14.67;135.30;-263827102_0;0.00
112.00;t_0;13.355454;42.368138;93.07;DEFAULT_VEHTYPE;13.95;56.66;28573309_0;0.00
;t_1;13.352709;42.367745;79.04;DEFAULT_VEHTYPE;12.23;11.34;:5807259780_3_0;0.00
;t_2;13.355892;42.368109;96.15;DEFAULT_VEHTYPE;13.11;0.45;28573313#0_0;0.00
;t_3;13.343620;42.369242;312.24;DEFAULT_VEHTYPE;13.80;149.10;-263827102_0;0.00
113.00;t_0;13.355626;42.368127;96.41;DEFAULT_VEHTYPE;14.17;9.00;28573312_0;0.00
;t_1;13.352863;42.367769;79.02;DEFAULT_VEHTYPE;12.89;4.42;:2452641720_6_0;0.00
;t_2;13.356031;42.368104;94.22;DEFAULT_VEHTYPE;11.46;11.90;28573313#0_0;0.00
;t_3;13.343485;42.369331;313.92;DEFAULT_VEHTYPE;14.92;164.02;-263827102_0;0.00
114.00;t_0;13.355803;42.368115;96.41;DEFAULT_VEHTYPE;14.66;23.66;28573312_0;0.00
;t_1;13.353010;42.367793;78.66;DEFAULT_VEHTYPE;12.45;4.52;686128058#3_0;0.00
;t_2;13.356116;42.368102;92.66;DEFAULT_VEHTYPE;6.96;18.86;28573313#0_0;0.00
;t_3;13.343360;42.369425;320.71;DEFAULT_VEHTYPE;14.62;178.64;-263827102_0;0.00
115.00;t_0;13.355934;42.368108;94.66;DEFAULT_VEHTYPE;10.78;3.84;28573313#0_0;0.00
;t_1;13.353162;42.367818;78.64;DEFAULT_VEHTYPE;12.83;17.35;686128058#3_0;0.00
;t_2;13.356221;42.368101;91.29;DEFAULT_VEHTYPE;8.70;4.93;:313866308_1_0;0.00
;t_3;13.343245;42.369528;322.87;DEFAULT_VEHTYPE;14.86;193.50;-263827102_0;0.00
116.00;t_0;13.356053;42.368103;94.19;DEFAULT_VEHTYPE;9.84;13.68;28573313#0_0;0.00
;t_1;13.353307;42.367842;78.64;DEFAULT_VEHTYPE;12.18;29.52;686128058#3_0;0.00
;t_2;13.356343;42.368133;63.77;DEFAULT_VEHTYPE;10.76;4.62;28573313#1_0;0.00
;t_3;13.343137;42.369630;322.87;DEFAULT_VEHTYPE;14.46;207.96;-263827102_0;0.00
117.00;t_0;13.356119;42.368102;92.66;DEFAULT_VEHTYPE;5.44;19.12;28573313#0_0;0.00
;t_1;13.353453;42.367866;78.64;DEFAULT_VEHTYPE;12.35;41.87;686128058#3_0;0.00
;t_2;13.356477;42.368186;63.35;DEFAULT_VEHTYPE;12.51;17.13;28573313#1_0;0.00
;t_3;13.343028;42.369732;322.87;DEFAULT_VEHTYPE;14.45;222.41;-263827102_0;0.00
118.00;t_0;13.356212;42.368101;90.88;DEFAULT_VEHTYPE;7.65;4.15;:313866308_1_0;0.00
;t_1;13.353605;42.367891;78.64;DEFAULT_VEHTYPE;12.77;54.65;686128058#3_0;0.00
;t_2;13.356620;42.368242;63.35;DEFAULT_VEHTYPE;13.34;30.47;28573313#1_0;0.00
;t_3;13.342924;42.369830;322.87;DEFAULT_VEHTYPE;13.82;236.23;-263827102_0;0.00
119.00;t_0;13.356327;42.368127;65.41;DEFAULT_VEHTYPE;10.07;3.15;28573313#1_0;0.00
;t_1;13.353748;42.367914;78.64;DEFAULT_VEHTYPE;12.13;66.78;686128058#3_0;0.00
;t_2;13.356763;42.368302;58.61;DEFAULT_VEHTYPE;13.52;6.83;:313866309_1_0;0.00
;t_3;13.342816;42.369939;328.33;DEFAULT_VEHTYPE;15.02;251.25;-263827102_0;0.00
120.00;t_0;13.356452;42.368176;63.35;DEFAULT_VEHTYPE;11.65;14.80;28573313#1_0;0.00
;t_1;13.353889;42.367937;78.64;DEFAULT_VEHTYPE;11.83;78.61;686128058#3_0;0.00
;t_2;13.356869;42.368354;57.77;DEFAULT_VEHTYPE;10.52;7.66;358584901_0;0.00
;t_3;13.342730;42.370048;330.97;DEFAULT_VEHTYPE;14.04;265.30;-263827102_0;0.00
121.00;t_0;13.356594;42.368232;63.35;DEFAULT_VEHTYPE;13.24;28.04;28573313#1_0;0.00
;t_1;13.354036;42.367962;78.64;DEFAULT_VEHTYPE;12.44;91.04;686128058#3_0;0.00
;t_2;13.356929;42.368392;48.09;DEFAULT_VEHTYPE;6.48;14.14;358584901_0;0.00
;t_3;13.342644;42.370159;330.97;DEFAULT_VEHTYPE;14.20;279.49;-263827102_0;0.00
122.00;t_0;13.356751;42.368283;74.58;DEFAULT_VEHTYPE;14.21;5.09;:313866309_0_0;0.00
;t_1;13.354185;42.367986;78.64;DEFAULT_VEHTYPE;12.59;103.64;686128058#3_0;0.00
;t_2;13.356958;42.368413;47.63;DEFAULT_VEHTYPE;3.35;17.49;358584901_0;0.00
;t_3;13.342556;42.370272;330.97;DEFAULT_VEHTYPE;14.50;293.99;-263827102_0;0.00
123.00;t_0;13.356929;42.368277;98.47;DEFAULT_VEHTYPE;14.70;10.08;358584902_0;0.00
;t_1;13.354330;42.368010;78.64;DEFAULT_VEHTYPE;12.20;115.84;686128058#3_0;0.00
;t_2;13.356980;42.368462;14.78;DEFAULT_VEHTYPE;5.90;4.62;:312005543_1_0;0.00
;t_3;13.342461;42.370375;324.41;DEFAULT_VEHTYPE;13.89;307.88;-263827102_0;0.00
124.00;t_0;13.357094;42.368236;115.46;DEFAULT_VEHTYPE;14.48;24.56;358584902_0;0.00
;t_1;13.354473;42.368033;78.64;DEFAULT_VEHTYPE;12.07;127.91;686128058#3_0;0.00
;t_2;13.356943;42.368523;332.17;DEFAULT_VEHTYPE;7.51;4.73;823877520_0;0.00
;t_3;13.342350;42.370478;325.59;DEFAULT_VEHTYPE;14.68;322.56;-263827102_0;0.00
125.00;t_0;13.357231;42.368157;136.27;DEFAULT_VEHTYPE;14.49;39.05;358584902_0;0.00
;t_1;13.354611;42.368064;74.63;DEFAULT_VEHTYPE;12.20;6.62;80501905_0;0.00
;t_2;13.356887;42.368597;331.76;DEFAULT_VEHTYPE;9.49;14.22;823877520_0;0.00
;t_3;13.342263;42.370591;336.94;DEFAULT_VEHTYPE;14.45;337.01;-263827102_0;0.00
126.00;t_0;13.357345;42.368060;146.36;DEFAULT_VEHTYPE;14.34;5.14;-823877524_0;0.00
;t_1;13.354769;42.368075;79.27;DEFAULT_VEHTYPE;13.15;10.35;:5326136253_1_0;0.00
;t_2;13.356821;42.368683;331.76;DEFAULT_VEHTYPE;10.99;25.21;823877520_0;0.00
;t_3;13.342208;42.370709;343.50;DEFAULT_VEHTYPE;13.95;350.97;-263827102_0;0.00
127.00;t_0;13.357442;42.367956;146.36;DEFAULT_VEHTYPE;14.02;19.16;-823877524_0;0.00
;t_1;13.354915;42.368096;80.49;DEFAULT_VEHTYPE;12.20;11.84;28573309_0;0.00
;t_2;13.356737;42.368781;323.21;DEFAULT_VEHTYPE;13.00;4.96;:939109062_1_0;0.00
;t_3;13.342157;42.370833;344.00;DEFAULT_VEHTYPE;14.33;365.29;-263827102_0;0.00
128.00;t_0;13.357529;42.367863;146.26;DEFAULT_VEHTYPE;12.50;1.00;:5885447130_2_0;0.00
;t_1;13.355064;42.368116;80.94;DEFAULT_VEHTYPE;12.45;24.29;28573309_0;0.00
;t_2;13.356627;42.368863;328.92;DEFAULT_VEHTYPE;13.19;6.00;:312005545_2_0;0.00
;t_3;13.342105;42.370956;343.11;DEFAULT_VEHTYPE;14.32;379.62;-263827102_0;0.00
129.00;t_0;13.357587;42.367802;145.86;DEFAULT_VEHTYPE;8.30;9.30;:5885447130_2_0;0.00
;t_1;13.355208;42.368132;84.69;DEFAULT_VEHTYPE;12.06;36.35;28573309_0;0.00
;t_2;13.356529;42.368958;311.03;DEFAULT_VEHTYPE;13.57;8.87;52028767#0_0;0.00
;t_3;13.342049;42.371079;342.30;DEFAULT_VEHTYPE;14.48;394.09;-263827102_0;0.00
130.00;t_0;13.357616;42.367772;145.86;DEFAULT_VEHTYPE;4.10;13.40;:5885447130_2_0;0.00
;t_1;13.355357;42.368140;88.46;DEFAULT_VEHTYPE;12.28;48.64;28573309_0;0.00
;t_2;13.356408;42.369030;309.79;DEFAULT_VEHTYPE;12.75;21.61;52028767#0_0;0.00
;t_3;13.341989;42.371198;340.61;DEFAULT_VEHTYPE;14.09;408.18;-263827102_0;0.00
131.00;t_0;13.357657;42.367754;123.95;DEFAULT_VEHTYPE;4.63;2.78;:312005542_7_0;0.00
;t_1;13.355502;42.368136;94.17;DEFAULT_VEHTYPE;11.96;60.60;28573309_0;0.00
;t_2;13.356288;42.369112;314.24;DEFAULT_VEHTYPE;13.44;35.05;52028767#0_0;0.00
;t_3;13.341915;42.371313;334.22;DEFAULT_VEHTYPE;14.17;422.35;-263827102_0;0.00
132.00;t_0;13.357678;42.367795;21.77;DEFAULT_VEHTYPE;5.08;7.85;:312005542_7_0;0.00
;t_1;13.355657;42.368125;96.41;DEFAULT_VEHTYPE;12.82;11.59;28573312_0;0.00
;t_2;13.356173;42.369192;314.24;DEFAULT_VEHTYPE;12.98;48.03;52028767#0_0;0.00
;t_3;13.341824;42.371422;325.80;DEFAULT_VEHTYPE;14.23;436.58;-263827102_0;0.00
133.00;t_0;13.357668;42.367840;351.66;DEFAULT_VEHTYPE;5.07;2.48;80501907_0;0.00
;t_1;13.355806;42.368115;96.41;DEFAULT_VEHTYPE;12.27;23.86;28573312_0;0.00
;t_2;13.356054;42.369275;314.24;DEFAULT_VEHTYPE;13.46;61.49;52028767#0_0;0.00
;t_3;13.341722;42.371529;325.80;DEFAULT_VEHTYPE;14.52;451.10;-263827102_0;0.00
134.00;t_0;13.357649;42.367903;348.34;DEFAULT_VEHTYPE;7.18;6.59;:5885447133_0_0;0.00
;t_1;13.355963;42.368106;94.22;DEFAULT_VEHTYPE;12.98;6.23;28573313#0_0;0.00
;t_2;13.355933;42.369359;314.24;DEFAULT_VEHTYPE;13.70;75.19;52028767#0_0;0.00
;t_3;13.341610;42.371633;321.79;DEFAULT_VEHTYPE;14.83;465.93;-263827102_0;0.00
135.00;t_0;13.357627;42.367979;349.27;DEFAULT_VEHTYPE;8.61;5.64;823877525_0;0.00
;t_1;13.356071;42.368103;93.73;DEFAULT_VEHTYPE;8.92;15.15;28573313#0_0;0.00
;t_2;13.355809;42.369445;314.24;DEFAULT_VEHTYPE;13.97;89.15;52028767#0_0;0.00
;t_3;13.341485;42.371721;314.31;DEFAULT_VEHTYPE;14.13;480.05;-263827102_0;0.00
136.00;t_0;13.357603;42.368069;350.40;DEFAULT_VEHTYPE;10.16;15.80;823877525_0;0.00
;t_1;13.356142;42.368101;92.66;DEFAULT_VEHTYPE;5.84;20.99;28573313#0_0;0.00
;t_2;13.355694;42.369522;311.27;DEFAULT_VEHTYPE;12.77;101.93;52028767#0_0;0.00
;t_3;13.341353;42.371804;311.48;DEFAULT_VEHTYPE;14.32;494.37;-263827102_0;0.00
137.00;t_0;13.357604;42.368177;3.77;DEFAULT_VEHTYPE;12.09;27.89;823877525_0;0.00
;t_1;13.356233;42.368101;91.23;DEFAULT_VEHTYPE;7.56;5.92;:313866308_1_0;0.00
;t_2;13.355564;42.369594;307.87;DEFAULT_VEHTYPE;13.38;115.30;52028767#0_0;0.00
;t_3;13.341208;42.371885;307.91;DEFAULT_VEHTYPE;14.96;509.33;-263827102_0;0.00
138.00;t_0;13.357624;42.368302;12.88;DEFAULT_VEHTYPE;14.04;41.93;823877525_0;0.00
;t_1;13.356346;42.368135;63.46;DEFAULT_VEHTYPE;10.05;4.90;28573313#1_0;0.00
;t_2;13.355427;42.369668;306.66;DEFAULT_VEHTYPE;13.94;4.97;:5924244404_4_0;0.00
;t_3;13.341059;42.371952;301.99;DEFAULT_VEHTYPE;14.36;523.69;-263827102_0;0.00
139.00;t_0;13.357689;42.368423;26.53;DEFAULT_VEHTYPE;14.44;56.37;823877525_0;0.00
;t_1;13.356472;42.368184;63.35;DEFAULT_VEHTYPE;11.79;16.69;28573313#1_0;0.00
;t_2;13.355289;42.369739;305.16;DEFAULT_VEHTYPE;13.85;9.42;52028767#1_0;0.00
;t_3;13.340911;42.372022;306.57;DEFAULT_VEHTYPE;14.44;538.14;-263827102_0;0.00
140.00;t_0;13.357784;42.368530;37.72;DEFAULT_VEHTYPE;14.25;70.62;823877525_0;0.00
;t_1;13.356607;42.368237;63.35;DEFAULT_VEHTYPE;12.52;29.21;28573313#1_0;0.00
;t_2;13.355159;42.369804;305.16;DEFAULT_VEHTYPE;12.86;22.28;52028767#1_0;0.00
;t_3;13.340775;42.372105;312.39;DEFAULT_VEHTYPE;14.51;552.64;-263827102_0;0.00
141.00;t_0;13.357897;42.368616;50.48;DEFAULT_VEHTYPE;13.46;84.08;823877525_0;0.00
;t_1;13.356745;42.368283;72.42;DEFAULT_VEHTYPE;12.60;4.64;:313866309_0_0;0.00
;t_2;13.355024;42.369872;305.16;DEFAULT_VEHTYPE;13.50;35.78;52028767#1_0;0.00
;t_3;13.340643;42.372190;312.39;DEFAULT_VEHTYPE;14.43;567.07;-263827102_0;0.00
142.00;t_0;13.358030;42.368689;57.02;DEFAULT_VEHTYPE;13.60;97.68;823877525_0;0.00
;t_1;13.356901;42.368280;98.47;DEFAULT_VEHTYPE;12.86;7.80;358584902_0;0.00
;t_2;13.354883;42.369942;305.16;DEFAULT_VEHTYPE;14.00;49.79;52028767#1_0;0.00
;t_3;13.340501;42.372271;308.16;DEFAULT_VEHTYPE;14.76;581.83;-263827102_0;0.00
143.00;t_0;13.358184;42.368748;68.57;DEFAULT_VEHTYPE;14.32;112.00;823877525_0;0.00
;t_1;13.357049;42.368252;109.24;DEFAULT_VEHTYPE;12.63;20.43;358584902_0;0.00
;t_2;13.354750;42.370009;305.16;DEFAULT_VEHTYPE;13.20;62.99;52028767#1_0;0.00
;t_3;13.340372;42.372344;308.16;DEFAULT_VEHTYPE;13.30;595.13;-263827102_0;0.00
144.00;t_0;13.358341;42.368776;82.66;DEFAULT_VEHTYPE;13.37;125.37;823877525_0;0.00
;t_1;13.357180;42.368195;127.82;DEFAULT_VEHTYPE;12.66;33.09;358584902_0;0.00
;t_2;13.354620;42.370078;307.53;DEFAULT_VEHTYPE;13.16;76.15;52028767#1_0;0.00
;t_3;13.340277;42.372397;308.16;DEFAULT_VEHTYPE;9.83;604.97;-263827102_0;0.00
145.00;t_0;13.358461;42.368779;91.04;DEFAULT_VEHTYPE;9.85;135.22;823877525_0;0.00
;t_1;13.357282;42.368118;136.27;DEFAULT_VEHTYPE;11.93;45.02;358584902_0;0.00
;t_2;13.354492;42.370148;307.53;DEFAULT_VEHTYPE;13.14;89.29;52028767#1_0;0.00
;t_3;13.340224;42.372427;308.16;DEFAULT_VEHTYPE;5.48;610.44;-263827102_0;0.00
146.00;t_0;13.358528;42.368777;93.15;DEFAULT_VEHTYPE;5.57;140.79;823877525_0;0.00
;t_1;13.357374;42.368029;146.36;DEFAULT_VEHTYPE;12.56;9.33;-823877524_0;0.00
;t_2;13.354360;42.370220;307.53;DEFAULT_VEHTYPE;13.49;102.78;52028767#1_0;0.00
;t_3;13.340195;42.372413;259.08;DEFAULT_VEHTYPE;3.75;3.62;:738159421_0_0;0.00
147.00;t_0;13.358598;42.368775;92.76;DEFAULT_VEHTYPE;5.79;3.05;:710465668_3_0;0.00
;t_1;13.357463;42.367934;146.36;DEFAULT_VEHTYPE;12.78;22.11;-823877524_0;0.00
;t_2;13.354226;42.370294;307.53;DEFAULT_VEHTYPE;13.73;116.50;52028767#1_0;0.00
;t_3;13.340224;42.372390;149.57;DEFAULT_VEHTYPE;3.67;2.62;263827102_0;0.00
148.00;t_0;13.358648;42.368797;53.57;DEFAULT_VEHTYPE;5.95;9.00;:710465668_3_0;0.00
;t_1;13.357550;42.367841;145.95;DEFAULT_VEHTYPE;12.62;4.07;:5885447130_2_0;0.00
;t_2;13.354099;42.370363;307.53;DEFAULT_VEHTYPE;13.02;129.53;52028767#1_0;0.00
;t_3;13.340283;42.372357;128.16;DEFAULT_VEHTYPE;6.05;8.66;263827102_0;0.00
149.00;t_0;13.358595;42.368837;313.08;DEFAULT_VEHTYPE;6.39;1.26;-542078579_0;0.00
;t_1;13.357635;42.367753;145.42;DEFAULT_VEHTYPE;12.05;0.87;:312005542_6_0;0.00
;t_2;13.353965;42.370432;305.23;DEFAULT_VEHTYPE;13.39;142.92;52028767#1_0;0.00
;t_3;13.340364;42.372312;128.16;DEFAULT_VEHTYPE;8.34;17.00;263827102_0;0.00
150.00;t_0;13.358515;42.368881;307.44;DEFAULT_VEHTYPE;8.18;9.44;-542078579_0;0.00
;t_1;13.357704;42.367654;166.21;DEFAULT_VEHTYPE;12.53;0.05;-28404231#3_0;0.00
;t_2;13.353827;42.370501;305.23;DEFAULT_VEHTYPE;13.72;156.63;52028767#1_0;0.00
;t_3;13.340462;42.372257;128.16;DEFAULT_VEHTYPE;10.16;27.16;263827102_0;0.00
151.00;t_0;13.358427;42.368910;288.83;DEFAULT_VEHTYPE;8.04;0.47;:6185430980_3_0;0.00
;t_1;13.357725;42.367544;167.87;DEFAULT_VEHTYPE;12.45;0.78;-28404231#2_0;0.00
;t_2;13.353693;42.370569;305.23;DEFAULT_VEHTYPE;13.36;169.99;52028767#1_0;0.00
;t_3;13.340581;42.372191;128.16;DEFAULT_VEHTYPE;12.19;39.35;263827102_0;0.00
152.00;t_0;13.358344;42.368949;310.19;DEFAULT_VEHTYPE;8.24;8.71;:6185430980_3_0;0.00
;t_1;13.357767;42.367439;164.44;DEFAULT_VEHTYPE;12.15;12.92;-28404231#2_0;0.00
;t_2;13.353555;42.370638;305.23;DEFAULT_VEHTYPE;13.73;183.72;52028767#1_0;0.00
;t_3;13.340708;42.372110;132.39;DEFAULT_VEHTYPE;13.78;53.14;263827102_0;0.00
153.00;t_0;13.358283;42.368987;312.30;DEFAULT_VEHTYPE;6.58;5.75;823877521_0;0.00
;t_1;13.357818;42.367332;161.64;DEFAULT_VEHTYPE;12.63;25.55;-28404231#2_0;0.00
;t_2;13.353425;42.370703;305.23;DEFAULT_VEHTYPE;12.91;196.62;52028767#1_0;0.00
;t_3;13.340837;42.372028;130.34;DEFAULT_VEHTYPE;14.04;67.18;263827102_0;0.00
154.00;t_0;13.358223;42.369047;327.53;DEFAULT_VEHTYPE;8.27;4.08;:5654638000_1_0;0.00
;t_1;13.357866;42.367231;161.64;DEFAULT_VEHTYPE;11.88;37.43;-28404231#2_0;0.00
;t_2;13.353287;42.370772;305.23;DEFAULT_VEHTYPE;13.69;210.31;52028767#1_0;0.00
;t_3;13.340982;42.371953;121.99;DEFAULT_VEHTYPE;14.59;81.77;263827102_0;0.00
155.00;t_0;13.358169;42.369133;342.54;DEFAULT_VEHTYPE;10.65;14.73;:5654638000_1_0;0.00
;t_1;13.357914;42.367130;161.64;DEFAULT_VEHTYPE;11.85;49.28;-28404231#2_0;0.00
;t_2;13.353149;42.370842;305.23;DEFAULT_VEHTYPE;13.81;224.13;52028767#1_0;0.00
;t_3;13.341138;42.371884;121.99;DEFAULT_VEHTYPE;14.96;96.73;263827102_0;0.00
156.00;t_0;13.358178;42.369243;17.05;DEFAULT_VEHTYPE;12.54;27.27;:5654638000_1_0;0.00
;t_1;13.357967;42.367020;161.64;DEFAULT_VEHTYPE;13.00;62.29;-28404231#2_0;0.00
;t_2;13.353013;42.370911;305.70;DEFAULT_VEHTYPE;13.52;237.65;52028767#1_0;0.00
;t_3;13.341284;42.371806;127.95;DEFAULT_VEHTYPE;14.83;111.56;263827102_0;0.00
157.00;t_0;13.358265;42.369348;36.58;DEFAULT_VEHTYPE;13.80;0.81;:2451538341_2_0;0.00
;t_1;13.358019;42.366910;161.64;DEFAULT_VEHTYPE;12.96;75.24;-28404231#2_0;0.00
;t_2;13.352877;42.370984;306.93;DEFAULT_VEHTYPE;13.80;251.45;52028767#1_0;0.00
;t_3;13.341423;42.371722;131.46;DEFAULT_VEHTYPE;14.78;126.34;263827102_0;0.00
158.00;t_0;13.358381;42.369444;42.01;DEFAULT_VEHTYPE;14.33;10.17;542078581_0;0.00
;t_1;13.358067;42.366809;161.64;DEFAULT_VEHTYPE;11.87;87.11;-28404231#2_0;0.00
;t_2;13.352743;42.371055;306.93;DEFAULT_VEHTYPE;13.61;265.07;52028767#1_0;0.00
;t_3;13.341556;42.371631;134.82;DEFAULT_VEHTYPE;14.90;141.24;263827102_0;0.00
159.00;t_0;13.358494;42.369542;42.01;DEFAULT_VEHTYPE;14.31;24.48;542078581_0;0.00
;t_1;13.358116;42.366707;161.64;DEFAULT_VEHTYPE;12.09;99.20;-28404231#2_0;0.00
;t_2;13.352618;42.371122;306.93;DEFAULT_VEHTYPE;12.74;277.81;52028767#1_0;0.00
;t_3;13.341672;42.371529;142.90;DEFAULT_VEHTYPE;14.86;156.10;263827102_0;0.00
160.00;t_0;13.358601;42.369633;42.01;DEFAULT_VEHTYPE;13.45;37.93;542078581_0;0.00
;t_1;13.358167;42.366599;161.64;DEFAULT_VEHTYPE;12.63;111.83;-28404231#2_0;0.00
;t_2;13.352485;42.371185;303.40;DEFAULT_VEHTYPE;12.93;290.74;52028767#1_0;0.00
;t_3;13.341775;42.371423;145.79;DEFAULT_VEHTYPE;14.47;170.57;263827102_0;0.00
161.00;t_0;13.358714;42.369729;42.01;DEFAULT_VEHTYPE;14.12;52.05;542078581_0;0.00
;t_1;13.358216;42.366496;161.64;DEFAULT_VEHTYPE;12.18;124.01;-28404231#2_0;0.00
;t_2;13.352347;42.371250;303.40;DEFAULT_VEHTYPE;13.45;304.19;52028767#1_0;0.00
;t_3;13.341871;42.371312;151.59;DEFAULT_VEHTYPE;14.70;185.27;263827102_0;0.00
162.00;t_0;13.358822;42.369822;42.01;DEFAULT_VEHTYPE;13.58;65.63;542078581_0;0.00
;t_1;13.358264;42.366395;161.64;DEFAULT_VEHTYPE;11.90;135.91;-28404231#2_0;0.00
;t_2;13.352207;42.371318;305.36;DEFAULT_VEHTYPE;13.83;318.02;52028767#1_0;0.00
;t_3;13.341946;42.371199;155.82;DEFAULT_VEHTYPE;14.02;199.29;263827102_0;0.00
163.00;t_0;13.358938;42.369922;42.01;DEFAULT_VEHTYPE;14.69;80.32;542078581_0;0.00
;t_1;13.358316;42.366287;161.64;DEFAULT_VEHTYPE;12.72;148.63;-28404231#2_0;0.00
;t_2;13.352075;42.371385;305.36;DEFAULT_VEHTYPE;13.13;331.14;52028767#1_0;0.00
;t_3;13.342008;42.371079;160.63;DEFAULT_VEHTYPE;14.22;213.51;263827102_0;0.00
164.00;t_0;13.359055;42.370022;42.01;DEFAULT_VEHTYPE;14.69;95.02;542078581_0;0.00
;t_1;13.358372;42.366179;158.92;DEFAULT_VEHTYPE;12.91;8.02;:1545212044_6_0;0.00
;t_2;13.351948;42.371452;307.40;DEFAULT_VEHTYPE;12.83;343.97;52028767#1_0;0.00
;t_3;13.342064;42.370955;162.75;DEFAULT_VEHTYPE;14.52;228.02;263827102_0;0.00
165.00;t_0;13.359165;42.370115;42.01;DEFAULT_VEHTYPE;13.75;108.77;542078581_0;0.00
;t_1;13.358428;42.366080;158.10;DEFAULT_VEHTYPE;11.87;7.68;-28404231#1_0;0.00
;t_2;13.351819;42.371522;307.40;DEFAULT_VEHTYPE;13.22;357.19;52028767#1_0;0.00
;t_3;13.342118;42.370827;163.98;DEFAULT_VEHTYPE;14.88;242.91;263827102_0;0.00
166.00;t_0;13.359276;42.370211;42.01;DEFAULT_VEHTYPE;13.98;122.75;542078581_0;0.00
;t_1;13.358485;42.365980;158.10;DEFAULT_VEHTYPE;12.03;19.71;-28404231#1_0;0.00
;t_2;13.351690;42.371592;307.40;DEFAULT_VEHTYPE;13.12;370.31;52028767#1_0;0.00
;t_3;13.342169;42.370706;163.98;DEFAULT_VEHTYPE;14.15;257.06;263827102_0;0.00
167.00;t_0;13.359386;42.370305;42.01;DEFAULT_VEHTYPE;13.88;136.64;542078581_0;0.00
;t_1;13.358544;42.365878;158.10;DEFAULT_VEHTYPE;12.29;32.00;-28404231#1_0;0.00
;t_2;13.351559;42.371664;307.40;DEFAULT_VEHTYPE;13.47;383.77;52028767#1_0;0.00
;t_3;13.342223;42.370586;160.59;DEFAULT_VEHTYPE;14.06;271.12;263827102_0;0.00
